,timestamp,symbol_backtest,price_backtest,quantity_backtest,buyer_backtest,seller_backtest,buyer_real,seller_real,symbol_real,currency,price_real,quantity_real
0,0,RAINFOREST_RESIN,10002,1,,SUBMISSION,,SUBMISSION,RAINFOREST_RESIN,SEASHELLS,10002,1
1,0,KELP,2028,1,,SUBMISSION,,SUBMISSION,RAINFOREST_RESIN,SEASHELLS,10002,1
2,1200,RAINFOREST_RESIN,9998,1,SUBMISSION,,SUBMISSION,,RAINFOREST_RESIN,SEASHELLS,9998,1
3,1300,RAINFOREST_RESIN,10002,1,,SUBMISSION,,SUBMISSION,RAINFOREST_RESIN,SEASHELLS,10002,1
4,1800,RAINFOREST_RESIN,10002,1,,SUBMISSION,,SUBMISSION,RAINFOREST_RESIN,SEASHELLS,10002,1
5,2000,RAINFOREST_RESIN,9998,1,SUBMISSION,,SUBMISSION,,RAINFOREST_RESIN,SEASHELLS,9998,1
6,2400,KELP,2025,1,SUBMISSION,,SUBMISSION,,KELP,SEASHELLS,2025,1
7,3600,RAINFOREST_RESIN,9998,4,SUBMISSION,,SUBMISSION,,RAINFOREST_RESIN,SEASHELLS,9998,4
8,3700,RAINFOREST_RESIN,10002,1,,SUBMISSION,,SUBMISSION,RAINFOREST_RESIN,SEASHELLS,10002,1
9,4300,KELP,2024,5,SUBMISSION,,SUBMISSION,,RAINFOREST_RESIN,SEASHELLS,9998,1
10,4300,RAINFOREST_RESIN,9998,1,SUBMISSION,,SUBMISSION,,RAINFOREST_RESIN,SEASHELLS,9998,1
11,5300,KELP,2025,1,,SUBMISSION,,SUBMISSION,KELP,SEASHELLS,2025,1
12,6500,RAINFOREST_RESIN,9998,1,SUBMISSION,,SUBMISSION,,RAINFOREST_RESIN,SEASHELLS,9998,1
13,7000,KELP,2026,4,,SUBMISSION,,SUBMISSION,KELP,SEASHELLS,2026,4
14,7300,RAINFOREST_RESIN,10002,1,,SUBMISSION,,SUBMISSION,RAINFOREST_RESIN,SEASHELLS,10002,1
15,8800,RAINFOREST_RESIN,9998,1,SUBMISSION,,SUBMISSION,,RAINFOREST_RESIN,SEASHELLS,9998,1
16,9900,KELP,2025,4,,SUBMISSION,,SUBMISSION,KELP,SEASHELLS,2025,4
17,10300,KELP,2024,1,,SUBMISSION,,SUBMISSION,KELP,SEASHELLS,2024,1
18,10400,RAINFOREST_RESIN,10002,1,,SUBMISSION,,SUBMISSION,RAINFOREST_RESIN,SEASHELLS,10002,1
19,10600,KELP,2023,4,SUBMISSION,,SUBMISSION,,KELP,SEASHELLS,2023,4
20,11000,KELP,2024,7,,SUBMISSION,,SUBMISSION,KELP,SEASHELLS,2024,7
21,11700,KELP,2023,2,SUBMISSION,,SUBMISSION,,KELP,SEASHELLS,2023,2
22,12000,RAINFOREST_RESIN,10002,1,,SUBMISSION,,SUBMISSION,RAINFOREST_RESIN,SEASHELLS,10002,1
23,13000,KELP,2025,1,,SUBMISSION,,SUBMISSION,RAINFOREST_RESIN,SEASHELLS,10002,1
24,13000,RAINFOREST_RESIN,10002,1,,SUBMISSION,,SUBMISSION,RAINFOREST_RESIN,SEASHELLS,10002,1
25,13700,RAINFOREST_RESIN,9998,4,SUBMISSION,,SUBMISSION,,RAINFOREST_RESIN,SEASHELLS,9998,4
26,13900,KELP,2024,6,SUBMISSION,,,SUBMISSION,RAINFOREST_RESIN,SEASHELLS,9999,2
27,15000,KELP,2024,8,,SUBMISSION,,SUBMISSION,KELP,SEASHELLS,2024,8
28,15400,RAINFOREST_RESIN,9998,1,SUBMISSION,,SUBMISSION,,RAINFOREST_RESIN,SEASHELLS,9998,1
29,15500,RAINFOREST_RESIN,10002,1,,SUBMISSION,,SUBMISSION,RAINFOREST_RESIN,SEASHELLS,10002,1
30,15700,RAINFOREST_RESIN,10002,5,,SUBMISSION,,SUBMISSION,RAINFOREST_RESIN,SEASHELLS,10002,5
31,15800,KELP,2025,1,,SUBMISSION,,SUBMISSION,KELP,SEASHELLS,2025,1
32,15900,KELP,2024,6,SUBMISSION,,SUBMISSION,,KELP,SEASHELLS,2024,6
33,16100,KELP,2023,2,SUBMISSION,,SUBMISSION,,KELP,SEASHELLS,2023,2
34,16200,RAINFOREST_RESIN,9998,1,SUBMISSION,,SUBMISSION,,RAINFOREST_RESIN,SEASHELLS,9998,1
35,16200,KELP,2023,1,SUBMISSION,,SUBMISSION,,RAINFOREST_RESIN,SEASHELLS,9998,1
36,16600,KELP,2023,1,SUBMISSION,,SUBMISSION,,KELP,SEASHELLS,2023,1
37,16700,RAINFOREST_RESIN,10002,1,,SUBMISSION,,SUBMISSION,RAINFOREST_RESIN,SEASHELLS,10002,1
38,16700,KELP,2025,1,,SUBMISSION,,SUBMISSION,RAINFOREST_RESIN,SEASHELLS,10002,1
39,17700,KELP,2025,1,,SUBMISSION,,SUBMISSION,KELP,SEASHELLS,2025,1
40,18500,KELP,2025,1,SUBMISSION,,SUBMISSION,,KELP,SEASHELLS,2025,1
41,18600,RAINFOREST_RESIN,10002,1,,SUBMISSION,,SUBMISSION,RAINFOREST_RESIN,SEASHELLS,10002,1
42,19200,RAINFOREST_RESIN,9998,1,SUBMISSION,,SUBMISSION,,RAINFOREST_RESIN,SEASHELLS,9998,1
43,19700,RAINFOREST_RESIN,10002,1,,SUBMISSION,,SUBMISSION,RAINFOREST_RESIN,SEASHELLS,10002,1
44,20100,RAINFOREST_RESIN,10002,1,,SUBMISSION,,SUBMISSION,RAINFOREST_RESIN,SEASHELLS,10002,1
45,20200,RAINFOREST_RESIN,9998,1,SUBMISSION,,SUBMISSION,,RAINFOREST_RESIN,SEASHELLS,9998,1
46,20400,KELP,2025,4,SUBMISSION,,,SUBMISSION,RAINFOREST_RESIN,SEASHELLS,9999,1
47,20700,RAINFOREST_RESIN,10002,1,,SUBMISSION,,SUBMISSION,RAINFOREST_RESIN,SEASHELLS,10002,1
48,20900,KELP,2026,1,,SUBMISSION,,SUBMISSION,KELP,SEASHELLS,2026,1
49,21200,RAINFOREST_RESIN,9998,1,SUBMISSION,,SUBMISSION,,RAINFOREST_RESIN,SEASHELLS,9998,1
50,21500,KELP,2026,4,,SUBMISSION,,SUBMISSION,KELP,SEASHELLS,2026,4
51,21600,RAINFOREST_RESIN,10002,12,,SUBMISSION,,SUBMISSION,RAINFOREST_RESIN,SEASHELLS,10002,12
52,21900,RAINFOREST_RESIN,10002,3,,SUBMISSION,,SUBMISSION,RAINFOREST_RESIN,SEASHELLS,10002,3
53,22400,RAINFOREST_RESIN,9998,1,SUBMISSION,,SUBMISSION,,RAINFOREST_RESIN,SEASHELLS,9998,1
54,22800,RAINFOREST_RESIN,9998,2,SUBMISSION,,SUBMISSION,,RAINFOREST_RESIN,SEASHELLS,9998,2
55,23700,RAINFOREST_RESIN,10002,1,,SUBMISSION,,SUBMISSION,RAINFOREST_RESIN,SEASHELLS,10002,1
56,23900,KELP,2025,1,,SUBMISSION,,SUBMISSION,KELP,SEASHELLS,2025,1
57,24400,KELP,2025,1,,SUBMISSION,,SUBMISSION,RAINFOREST_RESIN,SEASHELLS,10002,1
58,24400,RAINFOREST_RESIN,10002,1,,SUBMISSION,,SUBMISSION,RAINFOREST_RESIN,SEASHELLS,10002,1
59,24500,RAINFOREST_RESIN,10002,1,,SUBMISSION,SUBMISSION,,RAINFOREST_RESIN,SEASHELLS,9996,1
60,24600,RAINFOREST_RESIN,9998,2,SUBMISSION,,SUBMISSION,,RAINFOREST_RESIN,SEASHELLS,9998,2
61,24900,RAINFOREST_RESIN,10002,1,,SUBMISSION,,SUBMISSION,RAINFOREST_RESIN,SEASHELLS,10002,1
62,25100,RAINFOREST_RESIN,10002,1,,SUBMISSION,,SUBMISSION,RAINFOREST_RESIN,SEASHELLS,10002,1
63,25200,RAINFOREST_RESIN,9998,5,SUBMISSION,,SUBMISSION,,RAINFOREST_RESIN,SEASHELLS,9998,5
64,25400,KELP,2025,8,,SUBMISSION,,SUBMISSION,KELP,SEASHELLS,2025,8
65,25500,RAINFOREST_RESIN,9998,6,SUBMISSION,,SUBMISSION,,RAINFOREST_RESIN,SEASHELLS,9998,1
66,25800,RAINFOREST_RESIN,10002,4,,SUBMISSION,,SUBMISSION,RAINFOREST_RESIN,SEASHELLS,10002,4
67,26300,RAINFOREST_RESIN,9998,1,SUBMISSION,,SUBMISSION,,RAINFOREST_RESIN,SEASHELLS,9998,1
68,26600,RAINFOREST_RESIN,9998,1,SUBMISSION,,SUBMISSION,,RAINFOREST_RESIN,SEASHELLS,9998,1
69,26800,KELP,2025,1,,SUBMISSION,,SUBMISSION,KELP,SEASHELLS,2025,1
70,26900,RAINFOREST_RESIN,10002,1,,SUBMISSION,,SUBMISSION,RAINFOREST_RESIN,SEASHELLS,10002,1
71,27300,KELP,2025,1,,SUBMISSION,,SUBMISSION,KELP,SEASHELLS,2025,1
72,27900,KELP,2025,1,,SUBMISSION,,SUBMISSION,KELP,SEASHELLS,2025,1
73,28200,RAINFOREST_RESIN,9998,2,SUBMISSION,,SUBMISSION,,RAINFOREST_RESIN,SEASHELLS,9998,2
74,28300,KELP,2024,2,SUBMISSION,,SUBMISSION,,KELP,SEASHELLS,2024,2
75,28600,RAINFOREST_RESIN,10002,1,,SUBMISSION,,SUBMISSION,RAINFOREST_RESIN,SEASHELLS,10002,1
76,29200,KELP,2026,1,,SUBMISSION,,SUBMISSION,KELP,SEASHELLS,2026,1
77,29400,RAINFOREST_RESIN,10002,1,,SUBMISSION,,SUBMISSION,RAINFOREST_RESIN,SEASHELLS,10002,1
78,30300,KELP,2026,1,,SUBMISSION,,SUBMISSION,KELP,SEASHELLS,2026,1
79,31400,RAINFOREST_RESIN,9998,1,SUBMISSION,,SUBMISSION,,RAINFOREST_RESIN,SEASHELLS,9998,1
80,31600,KELP,2025,1,,SUBMISSION,,SUBMISSION,KELP,SEASHELLS,2025,1
81,32600,RAINFOREST_RESIN,10002,1,,SUBMISSION,,SUBMISSION,RAINFOREST_RESIN,SEASHELLS,10002,1
82,33000,KELP,2025,1,,SUBMISSION,,SUBMISSION,KELP,SEASHELLS,2025,1
83,33200,KELP,2024,10,SUBMISSION,,SUBMISSION,,KELP,SEASHELLS,2024,10
84,33600,RAINFOREST_RESIN,10002,6,,SUBMISSION,,SUBMISSION,RAINFOREST_RESIN,SEASHELLS,10002,6
85,34000,RAINFOREST_RESIN,10002,1,,SUBMISSION,,SUBMISSION,RAINFOREST_RESIN,SEASHELLS,10002,1
86,34300,RAINFOREST_RESIN,10002,1,,SUBMISSION,,SUBMISSION,RAINFOREST_RESIN,SEASHELLS,10002,1
87,34500,KELP,2023,5,SUBMISSION,,SUBMISSION,,KELP,SEASHELLS,2023,5
88,34600,KELP,2023,1,SUBMISSION,,SUBMISSION,,KELP,SEASHELLS,2023,1
89,35000,RAINFOREST_RESIN,10002,1,,SUBMISSION,,SUBMISSION,RAINFOREST_RESIN,SEASHELLS,10002,1
90,35000,KELP,2025,1,,SUBMISSION,,SUBMISSION,RAINFOREST_RESIN,SEASHELLS,10002,1
91,35100,RAINFOREST_RESIN,10002,3,,SUBMISSION,,SUBMISSION,RAINFOREST_RESIN,SEASHELLS,10002,3
92,35400,RAINFOREST_RESIN,10002,3,,SUBMISSION,,SUBMISSION,RAINFOREST_RESIN,SEASHELLS,10002,3
93,35400,KELP,2025,1,,SUBMISSION,,SUBMISSION,RAINFOREST_RESIN,SEASHELLS,10002,3
94,36100,RAINFOREST_RESIN,10002,8,,SUBMISSION,,SUBMISSION,RAINFOREST_RESIN,SEASHELLS,10002,8
95,36200,RAINFOREST_RESIN,9998,1,SUBMISSION,,SUBMISSION,,RAINFOREST_RESIN,SEASHELLS,9998,1
96,36500,KELP,2023,2,SUBMISSION,,SUBMISSION,,KELP,SEASHELLS,2023,2
97,37300,RAINFOREST_RESIN,9998,10,SUBMISSION,,SUBMISSION,,RAINFOREST_RESIN,SEASHELLS,9998,10
98,37400,RAINFOREST_RESIN,10002,1,,SUBMISSION,,SUBMISSION,RAINFOREST_RESIN,SEASHELLS,10002,1
99,38000,RAINFOREST_RESIN,10002,1,,SUBMISSION,,SUBMISSION,RAINFOREST_RESIN,SEASHELLS,10002,1
100,38400,KELP,2020,6,SUBMISSION,,SUBMISSION,,KELP,SEASHELLS,2020,6
101,38500,RAINFOREST_RESIN,10002,1,,SUBMISSION,,SUBMISSION,RAINFOREST_RESIN,SEASHELLS,10002,1
102,38800,KELP,2020,2,SUBMISSION,,SUBMISSION,,RAINFOREST_RESIN,SEASHELLS,9997,1
103,39500,RAINFOREST_RESIN,9998,1,SUBMISSION,,SUBMISSION,,RAINFOREST_RESIN,SEASHELLS,9998,1
104,40300,RAINFOREST_RESIN,9998,1,SUBMISSION,,SUBMISSION,,RAINFOREST_RESIN,SEASHELLS,9998,1
105,40500,RAINFOREST_RESIN,10002,1,,SUBMISSION,,SUBMISSION,RAINFOREST_RESIN,SEASHELLS,10002,1
106,41400,KELP,2018,4,SUBMISSION,,SUBMISSION,,KELP,SEASHELLS,2018,4
107,41900,RAINFOREST_RESIN,9998,4,SUBMISSION,,SUBMISSION,,RAINFOREST_RESIN,SEASHELLS,9998,4
108,42200,RAINFOREST_RESIN,10002,1,,SUBMISSION,,SUBMISSION,RAINFOREST_RESIN,SEASHELLS,10002,1
109,42300,KELP,2019,7,SUBMISSION,,SUBMISSION,,KELP,SEASHELLS,2019,7
110,43900,RAINFOREST_RESIN,10002,4,,SUBMISSION,,SUBMISSION,RAINFOREST_RESIN,SEASHELLS,10002,4
111,44100,RAINFOREST_RESIN,9998,1,SUBMISSION,,SUBMISSION,,RAINFOREST_RESIN,SEASHELLS,9998,1
112,44500,KELP,2021,1,,SUBMISSION,,SUBMISSION,KELP,SEASHELLS,2021,1
113,44800,RAINFOREST_RESIN,9998,1,SUBMISSION,,SUBMISSION,,RAINFOREST_RESIN,SEASHELLS,9998,1
114,45000,RAINFOREST_RESIN,10002,1,,SUBMISSION,,SUBMISSION,RAINFOREST_RESIN,SEASHELLS,10002,1
115,45400,RAINFOREST_RESIN,9998,1,SUBMISSION,,SUBMISSION,,RAINFOREST_RESIN,SEASHELLS,9998,1
116,45500,KELP,2019,3,SUBMISSION,,SUBMISSION,,KELP,SEASHELLS,2019,3
117,46900,KELP,2021,1,,SUBMISSION,,SUBMISSION,KELP,SEASHELLS,2021,1
118,47100,RAINFOREST_RESIN,9998,1,SUBMISSION,,SUBMISSION,,RAINFOREST_RESIN,SEASHELLS,9998,1
119,47200,RAINFOREST_RESIN,10002,1,,SUBMISSION,,SUBMISSION,RAINFOREST_RESIN,SEASHELLS,10002,1
120,47300,RAINFOREST_RESIN,10002,1,,SUBMISSION,,SUBMISSION,RAINFOREST_RESIN,SEASHELLS,10002,1
121,47900,RAINFOREST_RESIN,10002,1,,SUBMISSION,,SUBMISSION,RAINFOREST_RESIN,SEASHELLS,10002,1
122,48300,RAINFOREST_RESIN,9998,1,SUBMISSION,,SUBMISSION,,KELP,SEASHELLS,2019,5
123,48300,KELP,2019,5,SUBMISSION,,SUBMISSION,,KELP,SEASHELLS,2019,5
124,48500,RAINFOREST_RESIN,9998,1,SUBMISSION,,SUBMISSION,,RAINFOREST_RESIN,SEASHELLS,9998,1
125,49400,KELP,2021,9,,SUBMISSION,,SUBMISSION,KELP,SEASHELLS,2021,9
126,49600,KELP,2021,1,,SUBMISSION,,SUBMISSION,KELP,SEASHELLS,2021,1
127,49800,KELP,2020,5,SUBMISSION,,SUBMISSION,,KELP,SEASHELLS,2020,5
128,50600,KELP,2020,6,SUBMISSION,,,SUBMISSION,RAINFOREST_RESIN,SEASHELLS,10002,1
129,50600,RAINFOREST_RESIN,10002,1,,SUBMISSION,,SUBMISSION,RAINFOREST_RESIN,SEASHELLS,10002,1
131,50800,RAINFOREST_RESIN,10002,5,,SUBMISSION,,SUBMISSION,RAINFOREST_RESIN,SEASHELLS,10002,5
130,50800,KELP,2022,1,,SUBMISSION,,SUBMISSION,RAINFOREST_RESIN,SEASHELLS,10002,5
132,51500,KELP,2022,1,,SUBMISSION,,SUBMISSION,KELP,SEASHELLS,2022,1
133,52300,KELP,2022,1,,SUBMISSION,,SUBMISSION,RAINFOREST_RESIN,SEASHELLS,10002,1
134,52300,RAINFOREST_RESIN,10002,1,,SUBMISSION,,SUBMISSION,RAINFOREST_RESIN,SEASHELLS,10002,1
135,52500,KELP,2022,1,,SUBMISSION,SUBMISSION,,RAINFOREST_RESIN,SEASHELLS,9998,1
136,52500,RAINFOREST_RESIN,9998,1,SUBMISSION,,SUBMISSION,,RAINFOREST_RESIN,SEASHELLS,9998,1
137,53000,RAINFOREST_RESIN,10002,1,,SUBMISSION,,SUBMISSION,RAINFOREST_RESIN,SEASHELLS,10002,1
138,53200,KELP,2022,1,,SUBMISSION,,SUBMISSION,KELP,SEASHELLS,2022,1
139,53600,RAINFOREST_RESIN,9998,9,SUBMISSION,,SUBMISSION,,RAINFOREST_RESIN,SEASHELLS,9998,9
140,53800,RAINFOREST_RESIN,10002,3,,SUBMISSION,,SUBMISSION,RAINFOREST_RESIN,SEASHELLS,10002,3
141,54300,KELP,2022,1,,SUBMISSION,,SUBMISSION,RAINFOREST_RESIN,SEASHELLS,10003,2
142,54600,RAINFOREST_RESIN,10002,3,,SUBMISSION,,SUBMISSION,RAINFOREST_RESIN,SEASHELLS,10002,3
143,54700,KELP,2020,4,SUBMISSION,,SUBMISSION,,KELP,SEASHELLS,2020,4
144,55200,KELP,2019,3,SUBMISSION,,SUBMISSION,,KELP,SEASHELLS,2019,3
145,55300,RAINFOREST_RESIN,9998,1,SUBMISSION,,SUBMISSION,,RAINFOREST_RESIN,SEASHELLS,9998,1
146,55500,KELP,2021,1,,SUBMISSION,,SUBMISSION,KELP,SEASHELLS,2021,1
147,56000,KELP,2019,3,SUBMISSION,,SUBMISSION,,KELP,SEASHELLS,2019,3
148,56300,RAINFOREST_RESIN,10002,1,,SUBMISSION,,SUBMISSION,RAINFOREST_RESIN,SEASHELLS,10002,1
149,56800,RAINFOREST_RESIN,10002,1,,SUBMISSION,,SUBMISSION,RAINFOREST_RESIN,SEASHELLS,10002,1
150,57200,KELP,2019,1,,SUBMISSION,,SUBMISSION,RAINFOREST_RESIN,SEASHELLS,10002,2
151,57200,RAINFOREST_RESIN,10002,2,,SUBMISSION,,SUBMISSION,RAINFOREST_RESIN,SEASHELLS,10002,2
152,57500,KELP,2019,5,,SUBMISSION,,SUBMISSION,KELP,SEASHELLS,2019,5
153,57900,RAINFOREST_RESIN,9998,1,SUBMISSION,,SUBMISSION,,RAINFOREST_RESIN,SEASHELLS,9998,1
154,58000,RAINFOREST_RESIN,9998,4,SUBMISSION,,SUBMISSION,,RAINFOREST_RESIN,SEASHELLS,9998,4
155,58600,RAINFOREST_RESIN,10002,1,,SUBMISSION,,SUBMISSION,RAINFOREST_RESIN,SEASHELLS,10002,1
156,59500,RAINFOREST_RESIN,10002,5,,SUBMISSION,,SUBMISSION,RAINFOREST_RESIN,SEASHELLS,10002,5
157,60400,RAINFOREST_RESIN,9998,1,SUBMISSION,,SUBMISSION,,RAINFOREST_RESIN,SEASHELLS,9998,1
158,60800,RAINFOREST_RESIN,10002,10,,SUBMISSION,,SUBMISSION,RAINFOREST_RESIN,SEASHELLS,10002,10
159,61200,KELP,2016,2,SUBMISSION,,SUBMISSION,,KELP,SEASHELLS,2016,2
160,61900,RAINFOREST_RESIN,9998,1,SUBMISSION,,SUBMISSION,,RAINFOREST_RESIN,SEASHELLS,9998,1
161,62000,KELP,2016,1,,SUBMISSION,,SUBMISSION,KELP,SEASHELLS,2016,1
162,62900,RAINFOREST_RESIN,9998,4,SUBMISSION,,SUBMISSION,,RAINFOREST_RESIN,SEASHELLS,9998,4
163,63600,KELP,2018,1,,SUBMISSION,,SUBMISSION,KELP,SEASHELLS,2018,1
164,65000,RAINFOREST_RESIN,9998,1,SUBMISSION,,SUBMISSION,,RAINFOREST_RESIN,SEASHELLS,9998,1
165,65400,KELP,2016,3,SUBMISSION,,,SUBMISSION,RAINFOREST_RESIN,SEASHELLS,9999,2
166,66100,RAINFOREST_RESIN,9998,1,SUBMISSION,,SUBMISSION,,RAINFOREST_RESIN,SEASHELLS,9998,1
167,66200,RAINFOREST_RESIN,10002,1,,SUBMISSION,,SUBMISSION,RAINFOREST_RESIN,SEASHELLS,10002,1
168,66300,KELP,2018,1,,SUBMISSION,,SUBMISSION,KELP,SEASHELLS,2018,1
169,66400,RAINFOREST_RESIN,9998,3,SUBMISSION,,SUBMISSION,,RAINFOREST_RESIN,SEASHELLS,9998,3
170,66900,KELP,2017,1,,SUBMISSION,,SUBMISSION,KELP,SEASHELLS,2017,1
171,67300,RAINFOREST_RESIN,9998,3,SUBMISSION,,SUBMISSION,,RAINFOREST_RESIN,SEASHELLS,9998,3
172,68200,KELP,2017,1,,SUBMISSION,,SUBMISSION,KELP,SEASHELLS,2017,1
173,68300,KELP,2017,1,,SUBMISSION,,SUBMISSION,KELP,SEASHELLS,2017,1
174,68800,RAINFOREST_RESIN,9998,1,SUBMISSION,,SUBMISSION,,RAINFOREST_RESIN,SEASHELLS,9998,1
175,68900,KELP,2017,1,,SUBMISSION,,SUBMISSION,KELP,SEASHELLS,2017,1
176,69200,KELP,2017,3,,SUBMISSION,,SUBMISSION,KELP,SEASHELLS,2017,1
177,69300,KELP,2017,1,,SUBMISSION,SUBMISSION,,RAINFOREST_RESIN,SEASHELLS,9998,1
178,69300,RAINFOREST_RESIN,9998,1,SUBMISSION,,SUBMISSION,,RAINFOREST_RESIN,SEASHELLS,9998,1
179,69400,RAINFOREST_RESIN,10002,1,,SUBMISSION,,SUBMISSION,RAINFOREST_RESIN,SEASHELLS,10002,1
180,69700,RAINFOREST_RESIN,10002,1,,SUBMISSION,,SUBMISSION,RAINFOREST_RESIN,SEASHELLS,10002,1
181,70300,RAINFOREST_RESIN,9998,2,SUBMISSION,,SUBMISSION,,RAINFOREST_RESIN,SEASHELLS,9998,2
182,70500,KELP,2016,3,SUBMISSION,,SUBMISSION,,KELP,SEASHELLS,2016,3
183,70800,RAINFOREST_RESIN,10002,1,,SUBMISSION,,SUBMISSION,RAINFOREST_RESIN,SEASHELLS,10002,1
184,71200,RAINFOREST_RESIN,10002,1,,SUBMISSION,,SUBMISSION,RAINFOREST_RESIN,SEASHELLS,10002,1
185,71500,RAINFOREST_RESIN,10002,1,,SUBMISSION,,SUBMISSION,RAINFOREST_RESIN,SEASHELLS,10002,1
186,71600,RAINFOREST_RESIN,9998,3,SUBMISSION,,SUBMISSION,,RAINFOREST_RESIN,SEASHELLS,9998,1
187,71800,RAINFOREST_RESIN,10002,1,,SUBMISSION,,SUBMISSION,RAINFOREST_RESIN,SEASHELLS,10002,1
188,71900,RAINFOREST_RESIN,10002,1,,SUBMISSION,,SUBMISSION,RAINFOREST_RESIN,SEASHELLS,10002,1
189,72400,RAINFOREST_RESIN,10002,1,,SUBMISSION,,SUBMISSION,RAINFOREST_RESIN,SEASHELLS,10002,1
190,72600,KELP,2015,4,SUBMISSION,,SUBMISSION,,KELP,SEASHELLS,2015,4
191,73400,RAINFOREST_RESIN,9998,1,SUBMISSION,,SUBMISSION,,RAINFOREST_RESIN,SEASHELLS,9998,1
192,74000,RAINFOREST_RESIN,10002,1,,SUBMISSION,,SUBMISSION,RAINFOREST_RESIN,SEASHELLS,10002,1
193,74600,RAINFOREST_RESIN,10002,1,,SUBMISSION,,SUBMISSION,RAINFOREST_RESIN,SEASHELLS,10002,1
194,74900,RAINFOREST_RESIN,10002,1,,SUBMISSION,,SUBMISSION,RAINFOREST_RESIN,SEASHELLS,10002,1
196,75000,RAINFOREST_RESIN,9998,1,SUBMISSION,,SUBMISSION,,RAINFOREST_RESIN,SEASHELLS,9998,1
195,75000,KELP,2016,1,,SUBMISSION,SUBMISSION,,RAINFOREST_RESIN,SEASHELLS,9998,1
197,75600,RAINFOREST_RESIN,10002,1,,SUBMISSION,,SUBMISSION,RAINFOREST_RESIN,SEASHELLS,10002,1
198,76100,RAINFOREST_RESIN,9998,1,SUBMISSION,,SUBMISSION,,RAINFOREST_RESIN,SEASHELLS,9998,1
199,76900,KELP,2014,6,SUBMISSION,,SUBMISSION,,KELP,SEASHELLS,2014,6
200,77100,KELP,2015,2,,SUBMISSION,,SUBMISSION,KELP,SEASHELLS,2015,2
201,77900,RAINFOREST_RESIN,10002,3,,SUBMISSION,,SUBMISSION,RAINFOREST_RESIN,SEASHELLS,10002,3
202,78000,RAINFOREST_RESIN,9998,11,SUBMISSION,,SUBMISSION,,RAINFOREST_RESIN,SEASHELLS,9998,11
203,78100,KELP,2014,3,SUBMISSION,,,SUBMISSION,RAINFOREST_RESIN,SEASHELLS,10002,1
204,78100,RAINFOREST_RESIN,10002,1,,SUBMISSION,,SUBMISSION,RAINFOREST_RESIN,SEASHELLS,10002,1
205,78700,RAINFOREST_RESIN,9998,1,SUBMISSION,,SUBMISSION,,RAINFOREST_RESIN,SEASHELLS,9998,1
206,78800,RAINFOREST_RESIN,10002,1,,SUBMISSION,,SUBMISSION,RAINFOREST_RESIN,SEASHELLS,10002,1
207,78900,KELP,2015,1,,SUBMISSION,,SUBMISSION,RAINFOREST_RESIN,SEASHELLS,10002,1
208,78900,RAINFOREST_RESIN,10002,1,,SUBMISSION,,SUBMISSION,RAINFOREST_RESIN,SEASHELLS,10002,1
209,79200,KELP,2014,5,SUBMISSION,,SUBMISSION,,RAINFOREST_RESIN,SEASHELLS,9998,3
210,79200,RAINFOREST_RESIN,9998,3,SUBMISSION,,SUBMISSION,,RAINFOREST_RESIN,SEASHELLS,9998,3
211,79800,RAINFOREST_RESIN,10002,1,,SUBMISSION,,SUBMISSION,RAINFOREST_RESIN,SEASHELLS,10002,1
212,80800,KELP,2015,1,,SUBMISSION,,SUBMISSION,KELP,SEASHELLS,2015,1
213,81100,KELP,2015,1,,SUBMISSION,,SUBMISSION,KELP,SEASHELLS,2015,1
214,81200,KELP,2015,1,,SUBMISSION,,SUBMISSION,KELP,SEASHELLS,2015,1
215,81800,RAINFOREST_RESIN,10002,1,,SUBMISSION,,SUBMISSION,RAINFOREST_RESIN,SEASHELLS,10002,1
216,81900,RAINFOREST_RESIN,9998,1,SUBMISSION,,SUBMISSION,,RAINFOREST_RESIN,SEASHELLS,9998,1
217,82200,RAINFOREST_RESIN,10002,1,,SUBMISSION,,SUBMISSION,RAINFOREST_RESIN,SEASHELLS,10002,1
218,82900,RAINFOREST_RESIN,9998,1,SUBMISSION,,SUBMISSION,,RAINFOREST_RESIN,SEASHELLS,9998,1
219,83100,RAINFOREST_RESIN,9998,1,SUBMISSION,,SUBMISSION,,RAINFOREST_RESIN,SEASHELLS,9998,1
220,83700,KELP,2017,1,SUBMISSION,,SUBMISSION,,KELP,SEASHELLS,2017,1
221,84000,RAINFOREST_RESIN,9998,1,SUBMISSION,,SUBMISSION,,RAINFOREST_RESIN,SEASHELLS,9998,1
222,84000,KELP,2018,1,,SUBMISSION,SUBMISSION,,RAINFOREST_RESIN,SEASHELLS,9998,1
223,84600,KELP,2017,1,,SUBMISSION,,SUBMISSION,KELP,SEASHELLS,2017,1
224,84600,RAINFOREST_RESIN,9998,1,SUBMISSION,,,SUBMISSION,KELP,SEASHELLS,2017,1
225,85000,RAINFOREST_RESIN,9998,1,SUBMISSION,,SUBMISSION,,RAINFOREST_RESIN,SEASHELLS,9998,1
226,85600,KELP,2017,4,,SUBMISSION,,SUBMISSION,KELP,SEASHELLS,2017,4
227,85700,RAINFOREST_RESIN,10002,3,,SUBMISSION,,SUBMISSION,RAINFOREST_RESIN,SEASHELLS,10002,3
228,85800,KELP,2016,6,SUBMISSION,,SUBMISSION,,KELP,SEASHELLS,2016,6
229,85900,RAINFOREST_RESIN,9998,1,SUBMISSION,,SUBMISSION,,RAINFOREST_RESIN,SEASHELLS,9998,1
230,86100,RAINFOREST_RESIN,10002,1,,SUBMISSION,,SUBMISSION,RAINFOREST_RESIN,SEASHELLS,10002,1
231,86800,RAINFOREST_RESIN,10002,5,,SUBMISSION,,SUBMISSION,RAINFOREST_RESIN,SEASHELLS,10002,5
232,86900,KELP,2017,2,,SUBMISSION,,SUBMISSION,KELP,SEASHELLS,2017,2
233,88100,RAINFOREST_RESIN,9998,1,SUBMISSION,,SUBMISSION,,RAINFOREST_RESIN,SEASHELLS,9998,1
234,88200,RAINFOREST_RESIN,10002,5,,SUBMISSION,,SUBMISSION,RAINFOREST_RESIN,SEASHELLS,10002,5
235,88500,RAINFOREST_RESIN,10002,9,,SUBMISSION,,SUBMISSION,RAINFOREST_RESIN,SEASHELLS,10002,9
236,88600,KELP,2014,2,SUBMISSION,,SUBMISSION,,KELP,SEASHELLS,2014,2
237,88800,KELP,2014,2,SUBMISSION,,SUBMISSION,,KELP,SEASHELLS,2014,2
238,90700,RAINFOREST_RESIN,10002,1,,SUBMISSION,,SUBMISSION,RAINFOREST_RESIN,SEASHELLS,10002,1
239,90900,KELP,2017,1,,SUBMISSION,,SUBMISSION,KELP,SEASHELLS,2017,1
240,91000,KELP,2017,1,,SUBMISSION,,SUBMISSION,KELP,SEASHELLS,2017,1
241,91700,RAINFOREST_RESIN,9998,1,SUBMISSION,,SUBMISSION,,RAINFOREST_RESIN,SEASHELLS,9998,1
242,92100,RAINFOREST_RESIN,9998,1,SUBMISSION,,SUBMISSION,,RAINFOREST_RESIN,SEASHELLS,9998,1
243,92300,RAINFOREST_RESIN,9998,1,SUBMISSION,,SUBMISSION,,RAINFOREST_RESIN,SEASHELLS,9998,1
244,92600,KELP,2017,1,,SUBMISSION,,SUBMISSION,KELP,SEASHELLS,2017,1
245,92700,RAINFOREST_RESIN,10002,1,,SUBMISSION,,SUBMISSION,RAINFOREST_RESIN,SEASHELLS,10002,1
246,93200,RAINFOREST_RESIN,9998,1,SUBMISSION,,SUBMISSION,,RAINFOREST_RESIN,SEASHELLS,9998,1
247,93300,KELP,2019,1,,SUBMISSION,,SUBMISSION,KELP,SEASHELLS,2019,1
248,93400,RAINFOREST_RESIN,9998,3,SUBMISSION,,,SUBMISSION,RAINFOREST_RESIN,SEASHELLS,10004,5
249,93700,RAINFOREST_RESIN,10002,1,,SUBMISSION,,SUBMISSION,RAINFOREST_RESIN,SEASHELLS,10002,1
250,93800,RAINFOREST_RESIN,9998,1,SUBMISSION,,SUBMISSION,,RAINFOREST_RESIN,SEASHELLS,9998,1
251,94000,RAINFOREST_RESIN,10002,4,,SUBMISSION,,SUBMISSION,RAINFOREST_RESIN,SEASHELLS,10002,4
252,94300,RAINFOREST_RESIN,10002,1,,SUBMISSION,,SUBMISSION,RAINFOREST_RESIN,SEASHELLS,10002,1
253,94700,RAINFOREST_RESIN,10002,1,,SUBMISSION,,SUBMISSION,RAINFOREST_RESIN,SEASHELLS,10002,1
254,94900,RAINFOREST_RESIN,9998,1,SUBMISSION,,SUBMISSION,,RAINFOREST_RESIN,SEASHELLS,9998,1
255,95700,RAINFOREST_RESIN,10002,1,,SUBMISSION,,SUBMISSION,RAINFOREST_RESIN,SEASHELLS,10002,1
256,96200,RAINFOREST_RESIN,9998,5,SUBMISSION,,SUBMISSION,,RAINFOREST_RESIN,SEASHELLS,9998,5
257,96800,RAINFOREST_RESIN,10002,3,,SUBMISSION,,SUBMISSION,RAINFOREST_RESIN,SEASHELLS,10002,3
258,97200,KELP,2019,3,SUBMISSION,,SUBMISSION,,KELP,SEASHELLS,2019,3
259,98100,RAINFOREST_RESIN,9998,1,SUBMISSION,,SUBMISSION,,RAINFOREST_RESIN,SEASHELLS,9998,1
260,98300,KELP,2020,2,,SUBMISSION,,SUBMISSION,KELP,SEASHELLS,2020,2
262,98800,RAINFOREST_RESIN,10002,1,,SUBMISSION,,SUBMISSION,KELP,SEASHELLS,2020,1
261,98800,KELP,2020,1,,SUBMISSION,,SUBMISSION,KELP,SEASHELLS,2020,1
263,99300,KELP,2020,1,,SUBMISSION,,SUBMISSION,KELP,SEASHELLS,2020,1
264,99600,RAINFOREST_RESIN,10002,1,,SUBMISSION,,SUBMISSION,RAINFOREST_RESIN,SEASHELLS,10002,1
265,99900,RAINFOREST_RESIN,10002,1,,SUBMISSION,,SUBMISSION,RAINFOREST_RESIN,SEASHELLS,10002,1
266,100100,RAINFOREST_RESIN,10002,1,,SUBMISSION,,SUBMISSION,RAINFOREST_RESIN,SEASHELLS,10002,1
267,100700,RAINFOREST_RESIN,10002,1,,SUBMISSION,,SUBMISSION,RAINFOREST_RESIN,SEASHELLS,10002,1
268,101300,RAINFOREST_RESIN,9998,2,SUBMISSION,,SUBMISSION,,RAINFOREST_RESIN,SEASHELLS,9998,2
269,102000,RAINFOREST_RESIN,10002,1,,SUBMISSION,,SUBMISSION,RAINFOREST_RESIN,SEASHELLS,10002,1
270,103400,KELP,2019,1,SUBMISSION,,SUBMISSION,,KELP,SEASHELLS,2019,1
271,104700,RAINFOREST_RESIN,10002,1,,SUBMISSION,,SUBMISSION,RAINFOREST_RESIN,SEASHELLS,10002,1
272,105300,KELP,2020,1,,SUBMISSION,,SUBMISSION,KELP,SEASHELLS,2020,1
273,105400,RAINFOREST_RESIN,10002,1,,SUBMISSION,,SUBMISSION,RAINFOREST_RESIN,SEASHELLS,10002,1
274,105600,KELP,2020,1,,SUBMISSION,,SUBMISSION,KELP,SEASHELLS,2020,1
275,105700,KELP,2020,1,,SUBMISSION,,SUBMISSION,KELP,SEASHELLS,2020,1
276,105800,KELP,2020,7,,SUBMISSION,,SUBMISSION,RAINFOREST_RESIN,SEASHELLS,10002,3
277,105800,RAINFOREST_RESIN,10002,3,,SUBMISSION,,SUBMISSION,RAINFOREST_RESIN,SEASHELLS,10002,3
279,106300,KELP,2019,4,SUBMISSION,,SUBMISSION,,RAINFOREST_RESIN,SEASHELLS,9998,2
278,106300,RAINFOREST_RESIN,9998,2,SUBMISSION,,SUBMISSION,,RAINFOREST_RESIN,SEASHELLS,9998,2
280,106400,KELP,2019,6,SUBMISSION,,SUBMISSION,,KELP,SEASHELLS,2019,6
281,106600,RAINFOREST_RESIN,9998,4,SUBMISSION,,SUBMISSION,,RAINFOREST_RESIN,SEASHELLS,9998,1
282,106700,RAINFOREST_RESIN,9998,1,SUBMISSION,,SUBMISSION,,RAINFOREST_RESIN,SEASHELLS,9998,1
283,106800,RAINFOREST_RESIN,10002,1,,SUBMISSION,,SUBMISSION,RAINFOREST_RESIN,SEASHELLS,10002,1
284,107000,KELP,2019,2,SUBMISSION,,SUBMISSION,,KELP,SEASHELLS,2019,2
285,107100,RAINFOREST_RESIN,9998,1,SUBMISSION,,SUBMISSION,,RAINFOREST_RESIN,SEASHELLS,9998,1
286,108000,RAINFOREST_RESIN,9998,11,SUBMISSION,,SUBMISSION,,RAINFOREST_RESIN,SEASHELLS,9998,11
287,108100,RAINFOREST_RESIN,9998,1,SUBMISSION,,SUBMISSION,,RAINFOREST_RESIN,SEASHELLS,9998,1
288,108400,KELP,2019,1,,SUBMISSION,,SUBMISSION,KELP,SEASHELLS,2019,1
289,108600,RAINFOREST_RESIN,9998,4,SUBMISSION,,SUBMISSION,,RAINFOREST_RESIN,SEASHELLS,9998,1
290,109600,RAINFOREST_RESIN,9998,1,SUBMISSION,,SUBMISSION,,RAINFOREST_RESIN,SEASHELLS,9998,1
291,109800,RAINFOREST_RESIN,10002,1,,SUBMISSION,,SUBMISSION,RAINFOREST_RESIN,SEASHELLS,10002,1
292,109900,RAINFOREST_RESIN,10002,1,,SUBMISSION,,SUBMISSION,RAINFOREST_RESIN,SEASHELLS,10002,1
293,110600,RAINFOREST_RESIN,10002,8,,SUBMISSION,,SUBMISSION,RAINFOREST_RESIN,SEASHELLS,10002,8
295,111000,RAINFOREST_RESIN,9998,1,SUBMISSION,,,SUBMISSION,KELP,SEASHELLS,2021,1
294,111000,KELP,2021,1,,SUBMISSION,,SUBMISSION,KELP,SEASHELLS,2021,1
296,111100,RAINFOREST_RESIN,9998,4,SUBMISSION,,SUBMISSION,,RAINFOREST_RESIN,SEASHELLS,9998,4
297,111300,RAINFOREST_RESIN,9998,3,SUBMISSION,,SUBMISSION,,RAINFOREST_RESIN,SEASHELLS,9998,3
298,111500,KELP,2021,1,,SUBMISSION,,SUBMISSION,KELP,SEASHELLS,2021,1
299,112100,RAINFOREST_RESIN,9998,5,SUBMISSION,,SUBMISSION,,RAINFOREST_RESIN,SEASHELLS,9998,5
300,113000,RAINFOREST_RESIN,10002,4,,SUBMISSION,,SUBMISSION,RAINFOREST_RESIN,SEASHELLS,10002,4
301,113800,RAINFOREST_RESIN,10002,1,,SUBMISSION,,SUBMISSION,RAINFOREST_RESIN,SEASHELLS,10002,1
302,114000,RAINFOREST_RESIN,9998,11,SUBMISSION,,SUBMISSION,,RAINFOREST_RESIN,SEASHELLS,9998,11
303,114100,KELP,2020,1,,SUBMISSION,,SUBMISSION,KELP,SEASHELLS,2020,1
304,114600,RAINFOREST_RESIN,10002,1,,SUBMISSION,,SUBMISSION,RAINFOREST_RESIN,SEASHELLS,10002,1
305,115300,RAINFOREST_RESIN,9998,1,SUBMISSION,,SUBMISSION,,RAINFOREST_RESIN,SEASHELLS,9998,1
306,115700,KELP,2020,1,,SUBMISSION,,SUBMISSION,KELP,SEASHELLS,2020,1
307,116700,RAINFOREST_RESIN,10002,1,,SUBMISSION,,SUBMISSION,RAINFOREST_RESIN,SEASHELLS,10002,1
308,116800,RAINFOREST_RESIN,10002,3,,SUBMISSION,,SUBMISSION,RAINFOREST_RESIN,SEASHELLS,10002,3
309,117900,KELP,2018,4,SUBMISSION,,SUBMISSION,,KELP,SEASHELLS,2018,4
310,118500,KELP,2018,1,SUBMISSION,,SUBMISSION,,KELP,SEASHELLS,2018,1
311,119100,KELP,2019,2,,SUBMISSION,,SUBMISSION,KELP,SEASHELLS,2019,2
312,119300,RAINFOREST_RESIN,9998,1,SUBMISSION,,SUBMISSION,,RAINFOREST_RESIN,SEASHELLS,9998,1
313,119900,RAINFOREST_RESIN,10002,1,,SUBMISSION,,SUBMISSION,RAINFOREST_RESIN,SEASHELLS,10002,1
314,120000,RAINFOREST_RESIN,10002,1,,SUBMISSION,,SUBMISSION,RAINFOREST_RESIN,SEASHELLS,10002,1
315,120200,RAINFOREST_RESIN,10002,1,,SUBMISSION,,SUBMISSION,RAINFOREST_RESIN,SEASHELLS,10002,1
316,120500,KELP,2015,3,SUBMISSION,,,SUBMISSION,RAINFOREST_RESIN,SEASHELLS,10001,1
317,121400,RAINFOREST_RESIN,10002,5,,SUBMISSION,,SUBMISSION,RAINFOREST_RESIN,SEASHELLS,10002,5
318,121900,KELP,2015,1,,SUBMISSION,,SUBMISSION,KELP,SEASHELLS,2015,1
319,122600,KELP,2013,1,,SUBMISSION,,SUBMISSION,KELP,SEASHELLS,2013,1
320,122900,KELP,2013,1,,SUBMISSION,,SUBMISSION,KELP,SEASHELLS,2013,1
321,123700,RAINFOREST_RESIN,10002,6,,SUBMISSION,,SUBMISSION,RAINFOREST_RESIN,SEASHELLS,10002,6
322,123800,RAINFOREST_RESIN,9998,1,SUBMISSION,,,SUBMISSION,KELP,SEASHELLS,2013,1
323,123800,KELP,2013,1,,SUBMISSION,,SUBMISSION,KELP,SEASHELLS,2013,1
324,124000,KELP,2013,1,,SUBMISSION,,SUBMISSION,KELP,SEASHELLS,2013,1
325,124100,KELP,2012,3,SUBMISSION,,SUBMISSION,,KELP,SEASHELLS,2012,3
326,124500,RAINFOREST_RESIN,9998,5,SUBMISSION,,SUBMISSION,,RAINFOREST_RESIN,SEASHELLS,9998,5
327,124600,KELP,2013,1,,SUBMISSION,,SUBMISSION,KELP,SEASHELLS,2013,1
328,124700,RAINFOREST_RESIN,9998,1,SUBMISSION,,SUBMISSION,,RAINFOREST_RESIN,SEASHELLS,9998,1
329,125200,RAINFOREST_RESIN,10002,4,,SUBMISSION,,SUBMISSION,RAINFOREST_RESIN,SEASHELLS,10002,4
330,125700,RAINFOREST_RESIN,9998,2,SUBMISSION,,SUBMISSION,,RAINFOREST_RESIN,SEASHELLS,9998,2
331,125800,RAINFOREST_RESIN,9998,1,SUBMISSION,,SUBMISSION,,RAINFOREST_RESIN,SEASHELLS,9998,1
332,125900,KELP,2014,6,SUBMISSION,,SUBMISSION,,KELP,SEASHELLS,2014,6
333,126100,RAINFOREST_RESIN,10002,1,,SUBMISSION,,SUBMISSION,RAINFOREST_RESIN,SEASHELLS,10002,1
334,126200,RAINFOREST_RESIN,10002,7,,SUBMISSION,,SUBMISSION,RAINFOREST_RESIN,SEASHELLS,10002,7
335,126700,RAINFOREST_RESIN,10002,2,,SUBMISSION,,SUBMISSION,RAINFOREST_RESIN,SEASHELLS,10002,2
336,127500,RAINFOREST_RESIN,9998,3,SUBMISSION,,SUBMISSION,,RAINFOREST_RESIN,SEASHELLS,9998,3
337,128000,KELP,2016,1,,SUBMISSION,,SUBMISSION,KELP,SEASHELLS,2016,1
338,128200,RAINFOREST_RESIN,10002,1,,SUBMISSION,,SUBMISSION,RAINFOREST_RESIN,SEASHELLS,10002,1
339,128400,KELP,2014,2,SUBMISSION,,SUBMISSION,,RAINFOREST_RESIN,SEASHELLS,9997,1
340,128900,RAINFOREST_RESIN,10002,2,,SUBMISSION,,SUBMISSION,RAINFOREST_RESIN,SEASHELLS,10002,2
341,128900,KELP,2015,1,,SUBMISSION,,SUBMISSION,RAINFOREST_RESIN,SEASHELLS,10002,2
342,129700,KELP,2015,3,SUBMISSION,,SUBMISSION,,KELP,SEASHELLS,2015,3
344,130100,RAINFOREST_RESIN,9998,1,SUBMISSION,,SUBMISSION,,RAINFOREST_RESIN,SEASHELLS,9998,1
343,130100,KELP,2016,1,,SUBMISSION,SUBMISSION,,RAINFOREST_RESIN,SEASHELLS,9998,1
345,130300,RAINFOREST_RESIN,10002,1,,SUBMISSION,,SUBMISSION,RAINFOREST_RESIN,SEASHELLS,10002,1
346,130400,KELP,2014,1,SUBMISSION,,SUBMISSION,,KELP,SEASHELLS,2014,1
347,130700,KELP,2016,1,,SUBMISSION,,SUBMISSION,KELP,SEASHELLS,2016,1
348,130900,KELP,2014,5,SUBMISSION,,SUBMISSION,,KELP,SEASHELLS,2014,5
349,131400,RAINFOREST_RESIN,9998,1,SUBMISSION,,SUBMISSION,,RAINFOREST_RESIN,SEASHELLS,9998,1
350,131400,KELP,2015,7,,SUBMISSION,SUBMISSION,,RAINFOREST_RESIN,SEASHELLS,9998,1
351,131600,KELP,2015,1,,SUBMISSION,,SUBMISSION,RAINFOREST_RESIN,SEASHELLS,10002,1
352,131600,RAINFOREST_RESIN,10002,1,,SUBMISSION,,SUBMISSION,RAINFOREST_RESIN,SEASHELLS,10002,1
353,132300,RAINFOREST_RESIN,10002,4,,SUBMISSION,,SUBMISSION,RAINFOREST_RESIN,SEASHELLS,10002,4
354,132900,RAINFOREST_RESIN,9998,1,SUBMISSION,,SUBMISSION,,RAINFOREST_RESIN,SEASHELLS,9998,1
355,133100,RAINFOREST_RESIN,10002,5,,SUBMISSION,,SUBMISSION,RAINFOREST_RESIN,SEASHELLS,10002,5
356,134000,KELP,2014,2,SUBMISSION,,SUBMISSION,,KELP,SEASHELLS,2014,2
357,134200,RAINFOREST_RESIN,10002,1,,SUBMISSION,,SUBMISSION,RAINFOREST_RESIN,SEASHELLS,10002,1
358,134300,RAINFOREST_RESIN,10002,1,,SUBMISSION,,SUBMISSION,RAINFOREST_RESIN,SEASHELLS,10002,1
359,134700,RAINFOREST_RESIN,10002,4,,SUBMISSION,,SUBMISSION,RAINFOREST_RESIN,SEASHELLS,10002,4
360,134900,RAINFOREST_RESIN,9998,1,SUBMISSION,,SUBMISSION,,RAINFOREST_RESIN,SEASHELLS,9998,1
361,135100,KELP,2015,8,,SUBMISSION,,SUBMISSION,KELP,SEASHELLS,2015,7
362,135600,RAINFOREST_RESIN,10002,1,,SUBMISSION,,SUBMISSION,RAINFOREST_RESIN,SEASHELLS,10002,1
363,136000,RAINFOREST_RESIN,9998,1,SUBMISSION,,SUBMISSION,,RAINFOREST_RESIN,SEASHELLS,9998,1
364,136300,RAINFOREST_RESIN,10002,1,,SUBMISSION,,SUBMISSION,RAINFOREST_RESIN,SEASHELLS,10002,1
365,136500,KELP,2014,1,SUBMISSION,,SUBMISSION,,KELP,SEASHELLS,2014,1
366,136800,RAINFOREST_RESIN,10002,1,,SUBMISSION,,SUBMISSION,RAINFOREST_RESIN,SEASHELLS,10002,1
367,137500,RAINFOREST_RESIN,9998,1,SUBMISSION,,SUBMISSION,,RAINFOREST_RESIN,SEASHELLS,9998,1
368,137700,KELP,2014,3,SUBMISSION,,SUBMISSION,,RAINFOREST_RESIN,SEASHELLS,9998,8
369,137700,RAINFOREST_RESIN,9998,8,SUBMISSION,,SUBMISSION,,RAINFOREST_RESIN,SEASHELLS,9998,8
370,138200,RAINFOREST_RESIN,9998,1,SUBMISSION,,SUBMISSION,,RAINFOREST_RESIN,SEASHELLS,9998,1
371,138400,RAINFOREST_RESIN,9998,1,SUBMISSION,,SUBMISSION,,RAINFOREST_RESIN,SEASHELLS,9998,1
372,138600,KELP,2014,2,SUBMISSION,,SUBMISSION,,KELP,SEASHELLS,2014,2
373,139400,RAINFOREST_RESIN,10002,5,,SUBMISSION,,SUBMISSION,RAINFOREST_RESIN,SEASHELLS,10002,5
374,139600,RAINFOREST_RESIN,9998,1,SUBMISSION,,SUBMISSION,,RAINFOREST_RESIN,SEASHELLS,9998,1
375,139700,KELP,2014,5,SUBMISSION,,SUBMISSION,,KELP,SEASHELLS,2014,1
376,140300,RAINFOREST_RESIN,10002,1,,SUBMISSION,,SUBMISSION,RAINFOREST_RESIN,SEASHELLS,10002,1
377,140400,KELP,2013,1,SUBMISSION,,SUBMISSION,,KELP,SEASHELLS,2013,1
378,140600,KELP,2013,3,SUBMISSION,,SUBMISSION,,KELP,SEASHELLS,2013,3
379,142400,RAINFOREST_RESIN,10002,3,,SUBMISSION,,SUBMISSION,RAINFOREST_RESIN,SEASHELLS,10002,3
380,142700,RAINFOREST_RESIN,10002,5,,SUBMISSION,,SUBMISSION,RAINFOREST_RESIN,SEASHELLS,10002,5
381,142900,RAINFOREST_RESIN,9998,1,SUBMISSION,,SUBMISSION,,RAINFOREST_RESIN,SEASHELLS,9998,1
382,143900,RAINFOREST_RESIN,10002,1,,SUBMISSION,,SUBMISSION,RAINFOREST_RESIN,SEASHELLS,10002,1
383,144000,KELP,2016,1,,SUBMISSION,,SUBMISSION,KELP,SEASHELLS,2016,1
384,144600,RAINFOREST_RESIN,10002,1,,SUBMISSION,,SUBMISSION,RAINFOREST_RESIN,SEASHELLS,10002,2
385,145100,KELP,2013,8,SUBMISSION,,SUBMISSION,,KELP,SEASHELLS,2013,10
386,145200,KELP,2015,1,,SUBMISSION,,SUBMISSION,KELP,SEASHELLS,2015,1
387,145300,RAINFOREST_RESIN,9998,3,SUBMISSION,,SUBMISSION,,RAINFOREST_RESIN,SEASHELLS,9998,3
388,145500,RAINFOREST_RESIN,10002,1,,SUBMISSION,,SUBMISSION,RAINFOREST_RESIN,SEASHELLS,10002,1
389,145600,KELP,2013,1,SUBMISSION,,SUBMISSION,,RAINFOREST_RESIN,SEASHELLS,9998,8
390,145600,RAINFOREST_RESIN,9998,8,SUBMISSION,,SUBMISSION,,RAINFOREST_RESIN,SEASHELLS,9998,8
391,147700,RAINFOREST_RESIN,10002,1,,SUBMISSION,,SUBMISSION,RAINFOREST_RESIN,SEASHELLS,10002,1
392,147800,KELP,2014,1,,SUBMISSION,,SUBMISSION,KELP,SEASHELLS,2014,1
393,149000,RAINFOREST_RESIN,10002,5,,SUBMISSION,,SUBMISSION,RAINFOREST_RESIN,SEASHELLS,10002,5
394,149200,KELP,2015,2,,SUBMISSION,,SUBMISSION,KELP,SEASHELLS,2015,2
395,149200,RAINFOREST_RESIN,10002,1,,SUBMISSION,,SUBMISSION,KELP,SEASHELLS,2015,2
396,149500,KELP,2015,1,,SUBMISSION,,SUBMISSION,KELP,SEASHELLS,2015,1
397,149700,RAINFOREST_RESIN,10002,3,,SUBMISSION,,SUBMISSION,RAINFOREST_RESIN,SEASHELLS,10002,6
398,149800,KELP,2015,1,,SUBMISSION,SUBMISSION,,RAINFOREST_RESIN,SEASHELLS,9996,1
399,150200,RAINFOREST_RESIN,9998,1,SUBMISSION,,SUBMISSION,,RAINFOREST_RESIN,SEASHELLS,9998,1
400,150400,RAINFOREST_RESIN,9998,1,SUBMISSION,,SUBMISSION,,RAINFOREST_RESIN,SEASHELLS,9998,1
401,150500,RAINFOREST_RESIN,10002,1,,SUBMISSION,,SUBMISSION,RAINFOREST_RESIN,SEASHELLS,10002,1
402,150800,RAINFOREST_RESIN,9998,1,SUBMISSION,,SUBMISSION,,RAINFOREST_RESIN,SEASHELLS,9998,1
403,151100,KELP,2015,1,,SUBMISSION,,SUBMISSION,KELP,SEASHELLS,2015,1
404,151600,RAINFOREST_RESIN,10002,2,,SUBMISSION,,SUBMISSION,RAINFOREST_RESIN,SEASHELLS,10002,3
405,151600,KELP,2016,12,,SUBMISSION,,SUBMISSION,RAINFOREST_RESIN,SEASHELLS,10002,3
406,152000,RAINFOREST_RESIN,9998,11,SUBMISSION,,SUBMISSION,,RAINFOREST_RESIN,SEASHELLS,9998,11
407,153500,RAINFOREST_RESIN,9998,1,SUBMISSION,,SUBMISSION,,RAINFOREST_RESIN,SEASHELLS,9998,1
408,154800,RAINFOREST_RESIN,10002,1,,SUBMISSION,,SUBMISSION,RAINFOREST_RESIN,SEASHELLS,10002,1
409,154900,RAINFOREST_RESIN,9998,1,SUBMISSION,,SUBMISSION,,RAINFOREST_RESIN,SEASHELLS,9998,1
410,155200,RAINFOREST_RESIN,10002,1,,SUBMISSION,,SUBMISSION,RAINFOREST_RESIN,SEASHELLS,10002,1
411,155500,RAINFOREST_RESIN,9998,1,SUBMISSION,,SUBMISSION,,RAINFOREST_RESIN,SEASHELLS,9998,1
412,156300,KELP,2015,3,SUBMISSION,,SUBMISSION,,KELP,SEASHELLS,2015,3
413,156400,RAINFOREST_RESIN,10002,1,,SUBMISSION,,SUBMISSION,RAINFOREST_RESIN,SEASHELLS,10002,1
414,156900,KELP,2015,5,SUBMISSION,,SUBMISSION,,KELP,SEASHELLS,2015,4
415,157100,RAINFOREST_RESIN,9998,1,SUBMISSION,,SUBMISSION,,RAINFOREST_RESIN,SEASHELLS,9998,1
416,157300,KELP,2015,4,SUBMISSION,,SUBMISSION,,KELP,SEASHELLS,2015,4
417,157400,RAINFOREST_RESIN,10002,1,,SUBMISSION,,SUBMISSION,RAINFOREST_RESIN,SEASHELLS,10002,1
418,157600,KELP,2015,3,SUBMISSION,,SUBMISSION,,KELP,SEASHELLS,2015,3
419,157700,KELP,2016,1,,SUBMISSION,,SUBMISSION,KELP,SEASHELLS,2016,1
420,158200,RAINFOREST_RESIN,10002,1,,SUBMISSION,,SUBMISSION,RAINFOREST_RESIN,SEASHELLS,10002,1
421,158300,RAINFOREST_RESIN,9998,5,SUBMISSION,,SUBMISSION,,RAINFOREST_RESIN,SEASHELLS,9998,5
422,158400,KELP,2016,1,,SUBMISSION,SUBMISSION,,RAINFOREST_RESIN,SEASHELLS,9998,5
423,158400,RAINFOREST_RESIN,9998,5,SUBMISSION,,SUBMISSION,,RAINFOREST_RESIN,SEASHELLS,9998,5
424,158800,KELP,2016,4,,SUBMISSION,,SUBMISSION,KELP,SEASHELLS,2016,4
425,159700,RAINFOREST_RESIN,9998,4,SUBMISSION,,SUBMISSION,,RAINFOREST_RESIN,SEASHELLS,9998,4
426,159900,KELP,2015,5,SUBMISSION,,SUBMISSION,,KELP,SEASHELLS,2015,5
427,160300,RAINFOREST_RESIN,9998,1,SUBMISSION,,SUBMISSION,,RAINFOREST_RESIN,SEASHELLS,9998,1
428,160400,RAINFOREST_RESIN,9998,1,SUBMISSION,,SUBMISSION,,RAINFOREST_RESIN,SEASHELLS,9998,1
429,160400,KELP,2017,1,,SUBMISSION,SUBMISSION,,RAINFOREST_RESIN,SEASHELLS,9998,1
430,160600,RAINFOREST_RESIN,10002,1,,SUBMISSION,,SUBMISSION,RAINFOREST_RESIN,SEASHELLS,10002,1
431,160800,RAINFOREST_RESIN,10002,2,,SUBMISSION,,SUBMISSION,RAINFOREST_RESIN,SEASHELLS,10002,2
432,161000,KELP,2015,5,SUBMISSION,,SUBMISSION,,KELP,SEASHELLS,2015,8
433,161600,RAINFOREST_RESIN,9998,1,SUBMISSION,,SUBMISSION,,RAINFOREST_RESIN,SEASHELLS,9998,1
434,163100,RAINFOREST_RESIN,9998,4,SUBMISSION,,SUBMISSION,,RAINFOREST_RESIN,SEASHELLS,9998,4
435,163200,RAINFOREST_RESIN,9998,1,SUBMISSION,,SUBMISSION,,RAINFOREST_RESIN,SEASHELLS,9998,1
436,163500,RAINFOREST_RESIN,10002,3,,SUBMISSION,,SUBMISSION,RAINFOREST_RESIN,SEASHELLS,10002,3
437,163800,RAINFOREST_RESIN,9998,1,SUBMISSION,,SUBMISSION,,RAINFOREST_RESIN,SEASHELLS,9998,1
438,164000,RAINFOREST_RESIN,9998,1,SUBMISSION,,SUBMISSION,,RAINFOREST_RESIN,SEASHELLS,9998,1
439,164600,RAINFOREST_RESIN,9998,1,SUBMISSION,,SUBMISSION,,RAINFOREST_RESIN,SEASHELLS,9998,1
440,165000,KELP,2018,1,,SUBMISSION,,SUBMISSION,KELP,SEASHELLS,2018,1
441,165100,KELP,2018,1,,SUBMISSION,,SUBMISSION,KELP,SEASHELLS,2018,1
442,165200,KELP,2017,2,SUBMISSION,,SUBMISSION,,KELP,SEASHELLS,2017,6
443,165600,RAINFOREST_RESIN,9998,1,SUBMISSION,,SUBMISSION,,RAINFOREST_RESIN,SEASHELLS,9998,1
444,165700,KELP,2018,1,,SUBMISSION,,SUBMISSION,KELP,SEASHELLS,2018,1
445,165900,RAINFOREST_RESIN,9998,1,SUBMISSION,,SUBMISSION,,RAINFOREST_RESIN,SEASHELLS,9998,1
446,166000,KELP,2019,1,,SUBMISSION,,SUBMISSION,KELP,SEASHELLS,2019,1
447,166200,RAINFOREST_RESIN,9998,1,SUBMISSION,,SUBMISSION,,RAINFOREST_RESIN,SEASHELLS,9998,1
448,166200,KELP,2017,2,SUBMISSION,,SUBMISSION,,RAINFOREST_RESIN,SEASHELLS,9998,1
449,167700,RAINFOREST_RESIN,9998,4,SUBMISSION,,SUBMISSION,,RAINFOREST_RESIN,SEASHELLS,9998,4
450,167800,RAINFOREST_RESIN,9998,1,SUBMISSION,,SUBMISSION,,RAINFOREST_RESIN,SEASHELLS,9998,1
451,167800,KELP,2019,1,,SUBMISSION,SUBMISSION,,RAINFOREST_RESIN,SEASHELLS,9998,1
452,167900,RAINFOREST_RESIN,9998,1,SUBMISSION,,SUBMISSION,,RAINFOREST_RESIN,SEASHELLS,9998,1
453,168100,RAINFOREST_RESIN,9998,1,SUBMISSION,,SUBMISSION,,RAINFOREST_RESIN,SEASHELLS,9998,1
454,168500,RAINFOREST_RESIN,10002,1,,SUBMISSION,,SUBMISSION,RAINFOREST_RESIN,SEASHELLS,10002,1
455,169200,KELP,2019,1,,SUBMISSION,,SUBMISSION,KELP,SEASHELLS,2019,1
456,170400,RAINFOREST_RESIN,10002,11,,SUBMISSION,,SUBMISSION,RAINFOREST_RESIN,SEASHELLS,10002,11
457,170400,KELP,2020,10,,SUBMISSION,,SUBMISSION,RAINFOREST_RESIN,SEASHELLS,10002,11
458,171000,KELP,2019,3,SUBMISSION,,SUBMISSION,,KELP,SEASHELLS,2019,3
459,171100,RAINFOREST_RESIN,10002,3,,SUBMISSION,,SUBMISSION,RAINFOREST_RESIN,SEASHELLS,10002,3
460,171400,RAINFOREST_RESIN,10002,5,,SUBMISSION,,SUBMISSION,RAINFOREST_RESIN,SEASHELLS,10002,5
461,171500,RAINFOREST_RESIN,10002,1,,SUBMISSION,,SUBMISSION,RAINFOREST_RESIN,SEASHELLS,10002,1
462,171600,RAINFOREST_RESIN,9998,11,SUBMISSION,,SUBMISSION,,RAINFOREST_RESIN,SEASHELLS,9998,10
463,171900,RAINFOREST_RESIN,10002,1,,SUBMISSION,,SUBMISSION,RAINFOREST_RESIN,SEASHELLS,10002,1
464,172100,RAINFOREST_RESIN,10002,1,,SUBMISSION,,SUBMISSION,RAINFOREST_RESIN,SEASHELLS,10002,1
465,172700,RAINFOREST_RESIN,9998,3,SUBMISSION,,SUBMISSION,,RAINFOREST_RESIN,SEASHELLS,9998,3
466,173200,KELP,2018,1,SUBMISSION,,SUBMISSION,,KELP,SEASHELLS,2018,1
467,173500,RAINFOREST_RESIN,9998,3,SUBMISSION,,SUBMISSION,,RAINFOREST_RESIN,SEASHELLS,9998,3
468,173900,KELP,2020,1,,SUBMISSION,,SUBMISSION,RAINFOREST_RESIN,SEASHELLS,10004,1
469,174800,KELP,2019,1,,SUBMISSION,,SUBMISSION,KELP,SEASHELLS,2019,1
470,176000,RAINFOREST_RESIN,10002,1,,SUBMISSION,,SUBMISSION,RAINFOREST_RESIN,SEASHELLS,10002,1
471,177600,RAINFOREST_RESIN,9998,1,SUBMISSION,,SUBMISSION,,RAINFOREST_RESIN,SEASHELLS,9998,1
472,177900,RAINFOREST_RESIN,9998,12,SUBMISSION,,SUBMISSION,,RAINFOREST_RESIN,SEASHELLS,9998,12
473,179700,KELP,2019,1,,SUBMISSION,,SUBMISSION,KELP,SEASHELLS,2019,1
474,180100,RAINFOREST_RESIN,9998,3,SUBMISSION,,SUBMISSION,,RAINFOREST_RESIN,SEASHELLS,9998,3
475,180300,RAINFOREST_RESIN,9998,4,SUBMISSION,,SUBMISSION,,RAINFOREST_RESIN,SEASHELLS,9998,4
476,180500,KELP,2020,2,,SUBMISSION,,SUBMISSION,KELP,SEASHELLS,2020,2
477,181900,RAINFOREST_RESIN,10002,1,,SUBMISSION,,SUBMISSION,RAINFOREST_RESIN,SEASHELLS,10002,1
478,182000,RAINFOREST_RESIN,10002,1,,SUBMISSION,,SUBMISSION,RAINFOREST_RESIN,SEASHELLS,10002,1
479,182200,KELP,2020,1,,SUBMISSION,,SUBMISSION,KELP,SEASHELLS,2020,1
480,182500,RAINFOREST_RESIN,10002,4,,SUBMISSION,,SUBMISSION,RAINFOREST_RESIN,SEASHELLS,10002,4
481,182800,KELP,2019,1,SUBMISSION,,SUBMISSION,,KELP,SEASHELLS,2019,1
482,184100,KELP,2022,1,,SUBMISSION,,SUBMISSION,KELP,SEASHELLS,2022,1
483,184800,RAINFOREST_RESIN,10002,5,,SUBMISSION,,SUBMISSION,RAINFOREST_RESIN,SEASHELLS,10002,5
484,184900,RAINFOREST_RESIN,10002,1,,SUBMISSION,,SUBMISSION,RAINFOREST_RESIN,SEASHELLS,10002,1
485,185200,RAINFOREST_RESIN,10002,1,,SUBMISSION,,SUBMISSION,RAINFOREST_RESIN,SEASHELLS,10002,1
486,185500,RAINFOREST_RESIN,9998,1,SUBMISSION,,SUBMISSION,,RAINFOREST_RESIN,SEASHELLS,9998,1
487,186000,RAINFOREST_RESIN,10002,4,,SUBMISSION,,SUBMISSION,RAINFOREST_RESIN,SEASHELLS,10002,4
488,186100,KELP,2022,4,SUBMISSION,,SUBMISSION,,KELP,SEASHELLS,2022,4
489,186400,RAINFOREST_RESIN,9998,1,SUBMISSION,,SUBMISSION,,RAINFOREST_RESIN,SEASHELLS,9998,1
490,187000,KELP,2022,3,SUBMISSION,,SUBMISSION,,KELP,SEASHELLS,2022,3
491,187400,KELP,2023,1,,SUBMISSION,,SUBMISSION,KELP,SEASHELLS,2023,1
492,188000,RAINFOREST_RESIN,10002,1,,SUBMISSION,,SUBMISSION,RAINFOREST_RESIN,SEASHELLS,10002,1
493,188400,RAINFOREST_RESIN,9998,1,SUBMISSION,,SUBMISSION,,RAINFOREST_RESIN,SEASHELLS,9998,1
494,189300,KELP,2022,1,,SUBMISSION,,SUBMISSION,KELP,SEASHELLS,2022,1
495,189500,RAINFOREST_RESIN,9998,1,SUBMISSION,,SUBMISSION,,RAINFOREST_RESIN,SEASHELLS,9998,1
496,190700,RAINFOREST_RESIN,10002,2,,SUBMISSION,,SUBMISSION,RAINFOREST_RESIN,SEASHELLS,10002,2
497,190800,RAINFOREST_RESIN,9998,5,SUBMISSION,,SUBMISSION,,RAINFOREST_RESIN,SEASHELLS,9998,5
498,190900,KELP,2023,1,,SUBMISSION,,SUBMISSION,KELP,SEASHELLS,2023,1
499,190900,RAINFOREST_RESIN,10002,1,,SUBMISSION,,SUBMISSION,KELP,SEASHELLS,2023,1
500,191500,RAINFOREST_RESIN,9998,4,SUBMISSION,,SUBMISSION,,RAINFOREST_RESIN,SEASHELLS,9998,4
501,191800,KELP,2022,1,,SUBMISSION,,SUBMISSION,KELP,SEASHELLS,2022,1
502,192100,RAINFOREST_RESIN,9998,1,SUBMISSION,,SUBMISSION,,RAINFOREST_RESIN,SEASHELLS,9998,1
503,192200,RAINFOREST_RESIN,9998,2,SUBMISSION,,SUBMISSION,,RAINFOREST_RESIN,SEASHELLS,9998,2
504,192500,KELP,2022,1,,SUBMISSION,SUBMISSION,,RAINFOREST_RESIN,SEASHELLS,9998,1
505,192500,RAINFOREST_RESIN,9998,1,SUBMISSION,,SUBMISSION,,RAINFOREST_RESIN,SEASHELLS,9998,1
506,192600,RAINFOREST_RESIN,10002,3,,SUBMISSION,,SUBMISSION,RAINFOREST_RESIN,SEASHELLS,10002,3
507,193300,RAINFOREST_RESIN,10002,4,,SUBMISSION,,SUBMISSION,RAINFOREST_RESIN,SEASHELLS,10002,4
508,193500,RAINFOREST_RESIN,9998,1,SUBMISSION,,SUBMISSION,,RAINFOREST_RESIN,SEASHELLS,9998,1
509,193700,RAINFOREST_RESIN,9998,1,SUBMISSION,,SUBMISSION,,RAINFOREST_RESIN,SEASHELLS,9998,1
510,193800,KELP,2020,1,,SUBMISSION,,SUBMISSION,KELP,SEASHELLS,2020,1
511,194100,KELP,2020,1,,SUBMISSION,SUBMISSION,,RAINFOREST_RESIN,SEASHELLS,9998,1
512,194100,RAINFOREST_RESIN,9998,1,SUBMISSION,,SUBMISSION,,RAINFOREST_RESIN,SEASHELLS,9998,1
513,195100,RAINFOREST_RESIN,10002,1,,SUBMISSION,,SUBMISSION,RAINFOREST_RESIN,SEASHELLS,10002,1
514,195700,RAINFOREST_RESIN,10002,1,,SUBMISSION,,SUBMISSION,RAINFOREST_RESIN,SEASHELLS,10002,1
515,195900,RAINFOREST_RESIN,9998,1,SUBMISSION,,SUBMISSION,,RAINFOREST_RESIN,SEASHELLS,9998,1
516,196000,RAINFOREST_RESIN,10002,2,,SUBMISSION,,SUBMISSION,KELP,SEASHELLS,2021,1
517,196000,KELP,2021,1,,SUBMISSION,,SUBMISSION,KELP,SEASHELLS,2021,1
518,196500,KELP,2022,1,,SUBMISSION,,SUBMISSION,KELP,SEASHELLS,2022,1
519,197400,RAINFOREST_RESIN,10002,1,,SUBMISSION,,SUBMISSION,RAINFOREST_RESIN,SEASHELLS,10002,1
520,198500,RAINFOREST_RESIN,9998,10,SUBMISSION,,SUBMISSION,,RAINFOREST_RESIN,SEASHELLS,9998,10
521,198500,KELP,2023,1,,SUBMISSION,SUBMISSION,,RAINFOREST_RESIN,SEASHELLS,9998,10
522,198900,KELP,2021,5,SUBMISSION,,,SUBMISSION,RAINFOREST_RESIN,SEASHELLS,10002,1
523,198900,RAINFOREST_RESIN,10002,1,,SUBMISSION,,SUBMISSION,RAINFOREST_RESIN,SEASHELLS,10002,1
524,199400,KELP,2021,4,SUBMISSION,,,SUBMISSION,RAINFOREST_RESIN,SEASHELLS,10003,1
525,199500,RAINFOREST_RESIN,10002,1,,SUBMISSION,,SUBMISSION,RAINFOREST_RESIN,SEASHELLS,10002,1
