timestamp,buyer,seller,symbol,currency,price,quantity
1300,Pablo,Camilla,PICNIC_BASKET2,SEASHELLS,30114.0,6
5700,Camilla,Pablo,PICNIC_BASKET2,SEASHELLS,30091.0,2
8900,Pablo,Camilla,PICNIC_BASKET2,SEASHELLS,30105.0,3
9100,Camilla,Penelope,PICNIC_BASKET2,SEASHELLS,30099.0,9
13200,Caesar,Penelope,PICNIC_BASKET2,SEASHELLS,30098.0,1
16200,Camilla,Caesar,PICNIC_BASKET2,SEASHELLS,30104.0,1
21000,Penelope,Caesar,PICNIC_BASKET2,SEASHELLS,30104.0,2
23900,Charlie,Pablo,PICNIC_BASKET2,SEASHELLS,30091.0,6
25100,Penelope,Camilla,PICNIC_BASKET2,SEASHELLS,30101.0,6
25400,Caesar,Penelope,PICNIC_BASKET2,SEASHELLS,30094.0,2
26400,Camilla,Pablo,PICNIC_BASKET2,SEASHELLS,30090.0,7
32400,Caesar,Penelope,PICNIC_BASKET2,SEASHELLS,30097.0,1
33600,Penelope,Camilla,PICNIC_BASKET2,SEASHELLS,30101.0,7
37000,Penelope,Camilla,PICNIC_BASKET2,SEASHELLS,30094.0,9
37300,Penelope,Charlie,PICNIC_BASKET2,SEASHELLS,30096.0,10
39300,Penelope,Caesar,PICNIC_BASKET2,SEASHELLS,30104.0,5
41400,Camilla,Pablo,PICNIC_BASKET2,SEASHELLS,30117.0,6
44800,Caesar,Pablo,PICNIC_BASKET2,SEASHELLS,30114.0,1
44800,Camilla,Pablo,PICNIC_BASKET2,SEASHELLS,30114.0,1
45200,Penelope,Charlie,PICNIC_BASKET2,SEASHELLS,30116.0,7
48300,Penelope,Caesar,PICNIC_BASKET2,SEASHELLS,30114.0,2
50200,Charlie,Penelope,PICNIC_BASKET2,SEASHELLS,30102.0,5
52500,Caesar,Pablo,PICNIC_BASKET2,SEASHELLS,30115.0,2
52500,Charlie,Pablo,PICNIC_BASKET2,SEASHELLS,30114.0,2
56300,Caesar,Penelope,PICNIC_BASKET2,SEASHELLS,30108.0,2
57100,Penelope,Camilla,PICNIC_BASKET2,SEASHELLS,30102.0,6
58400,Penelope,Camilla,PICNIC_BASKET2,SEASHELLS,30101.0,5
58600,Caesar,Penelope,PICNIC_BASKET2,SEASHELLS,30097.0,1
59100,Pablo,Caesar,PICNIC_BASKET2,SEASHELLS,30102.0,2
59200,Penelope,Caesar,PICNIC_BASKET2,SEASHELLS,30104.0,2
59800,Penelope,Charlie,PICNIC_BASKET2,SEASHELLS,30106.0,6
60000,Pablo,Caesar,PICNIC_BASKET2,SEASHELLS,30100.0,8
60300,Penelope,Caesar,PICNIC_BASKET2,SEASHELLS,30103.0,2
66400,Camilla,Pablo,PICNIC_BASKET2,SEASHELLS,30063.0,5
67400,Caesar,Pablo,PICNIC_BASKET2,SEASHELLS,30071.0,2
68100,Camilla,Penelope,PICNIC_BASKET2,SEASHELLS,30070.0,6
69500,Camilla,Pablo,PICNIC_BASKET2,SEASHELLS,30061.0,5
70300,Camilla,Pablo,PICNIC_BASKET2,SEASHELLS,30078.0,8
72700,Camilla,Penelope,PICNIC_BASKET2,SEASHELLS,30085.0,8
73500,Charlie,Penelope,PICNIC_BASKET2,SEASHELLS,30091.0,6
73700,Penelope,Charlie,PICNIC_BASKET2,SEASHELLS,30105.0,8
74500,Camilla,Pablo,PICNIC_BASKET2,SEASHELLS,30095.0,7
74500,Camilla,Penelope,PICNIC_BASKET2,SEASHELLS,30095.0,8
74500,Caesar,Penelope,PICNIC_BASKET2,SEASHELLS,30095.0,2
82500,Camilla,Penelope,PICNIC_BASKET2,SEASHELLS,30073.0,7
84100,Pablo,Caesar,PICNIC_BASKET2,SEASHELLS,30070.0,2
84100,Pablo,Camilla,PICNIC_BASKET2,SEASHELLS,30070.0,3
84800,Charlie,Pablo,PICNIC_BASKET2,SEASHELLS,30075.0,8
86700,Charlie,Pablo,PICNIC_BASKET2,SEASHELLS,30068.0,2
87700,Penelope,Camilla,PICNIC_BASKET2,SEASHELLS,30084.0,9
88000,Charlie,Penelope,PICNIC_BASKET2,SEASHELLS,30080.0,6
89900,Penelope,Charlie,PICNIC_BASKET2,SEASHELLS,30113.0,10
90700,Camilla,Pablo,PICNIC_BASKET2,SEASHELLS,30103.0,8
91300,Penelope,Caesar,PICNIC_BASKET2,SEASHELLS,30106.0,1
91800,Caesar,Pablo,PICNIC_BASKET2,SEASHELLS,30102.0,2
91800,Charlie,Pablo,PICNIC_BASKET2,SEASHELLS,30101.0,1
92100,Charlie,Penelope,PICNIC_BASKET2,SEASHELLS,30106.0,8
93500,Penelope,Camilla,PICNIC_BASKET2,SEASHELLS,30120.0,8
95500,Charlie,Pablo,PICNIC_BASKET2,SEASHELLS,30101.0,5
97500,Charlie,Penelope,PICNIC_BASKET2,SEASHELLS,30086.0,5
97600,Camilla,Pablo,PICNIC_BASKET2,SEASHELLS,30090.0,4
97900,Charlie,Penelope,PICNIC_BASKET2,SEASHELLS,30102.0,9
98300,Charlie,Pablo,PICNIC_BASKET2,SEASHELLS,30105.0,2
98300,Charlie,Penelope,PICNIC_BASKET2,SEASHELLS,30105.0,10
107400,Camilla,Caesar,PICNIC_BASKET2,SEASHELLS,30113.0,2
108400,Camilla,Caesar,PICNIC_BASKET2,SEASHELLS,30125.0,2
109200,Penelope,Charlie,PICNIC_BASKET2,SEASHELLS,30122.0,7
109600,Camilla,Pablo,PICNIC_BASKET2,SEASHELLS,30112.0,3
109900,Penelope,Camilla,PICNIC_BASKET2,SEASHELLS,30120.0,5
110400,Charlie,Pablo,PICNIC_BASKET2,SEASHELLS,30112.0,6
111700,Caesar,Penelope,PICNIC_BASKET2,SEASHELLS,30100.0,1
111800,Charlie,Penelope,PICNIC_BASKET2,SEASHELLS,30097.0,5
115100,Camilla,Pablo,PICNIC_BASKET2,SEASHELLS,30136.0,2
117400,Camilla,Pablo,PICNIC_BASKET2,SEASHELLS,30145.0,3
117400,Penelope,Charlie,PICNIC_BASKET2,SEASHELLS,30151.0,10
118600,Charlie,Penelope,PICNIC_BASKET2,SEASHELLS,30164.0,9
125000,Penelope,Camilla,PICNIC_BASKET2,SEASHELLS,30156.0,10
126000,Penelope,Camilla,PICNIC_BASKET2,SEASHELLS,30159.0,9
131100,Caesar,Pablo,PICNIC_BASKET2,SEASHELLS,30131.0,2
133300,Penelope,Camilla,PICNIC_BASKET2,SEASHELLS,30150.0,8
134300,Charlie,Penelope,PICNIC_BASKET2,SEASHELLS,30140.0,10
136900,Camilla,Pablo,PICNIC_BASKET2,SEASHELLS,30125.0,8
137000,Camilla,Penelope,PICNIC_BASKET2,SEASHELLS,30120.0,6
138000,Camilla,Pablo,PICNIC_BASKET2,SEASHELLS,30125.0,7
138100,Camilla,Pablo,PICNIC_BASKET2,SEASHELLS,30127.0,3
141200,Caesar,Pablo,PICNIC_BASKET2,SEASHELLS,30124.0,1
141200,Charlie,Pablo,PICNIC_BASKET2,SEASHELLS,30123.0,4
142800,Camilla,Pablo,PICNIC_BASKET2,SEASHELLS,30124.0,2
145700,Caesar,Pablo,PICNIC_BASKET2,SEASHELLS,30097.0,1
145700,Charlie,Pablo,PICNIC_BASKET2,SEASHELLS,30096.0,1
147500,Penelope,Caesar,PICNIC_BASKET2,SEASHELLS,30094.0,2
148200,Penelope,Caesar,PICNIC_BASKET2,SEASHELLS,30089.0,1
149700,Camilla,Caesar,PICNIC_BASKET2,SEASHELLS,30063.0,1
150300,Penelope,Caesar,PICNIC_BASKET2,SEASHELLS,30076.0,2
153600,Camilla,Pablo,PICNIC_BASKET2,SEASHELLS,30059.0,4
154900,Charlie,Pablo,PICNIC_BASKET2,SEASHELLS,30064.0,3
157300,Charlie,Pablo,PICNIC_BASKET2,SEASHELLS,30071.0,8
159100,Caesar,Pablo,PICNIC_BASKET2,SEASHELLS,30080.0,2
160400,Camilla,Caesar,PICNIC_BASKET2,SEASHELLS,30098.0,2
162100,Caesar,Pablo,PICNIC_BASKET2,SEASHELLS,30106.0,1
162100,Charlie,Pablo,PICNIC_BASKET2,SEASHELLS,30105.0,4
163300,Caesar,Penelope,PICNIC_BASKET2,SEASHELLS,30122.0,1
167400,Camilla,Penelope,PICNIC_BASKET2,SEASHELLS,30117.0,6
169400,Camilla,Penelope,PICNIC_BASKET2,SEASHELLS,30119.0,10
172300,Camilla,Penelope,PICNIC_BASKET2,SEASHELLS,30130.0,10
172600,Caesar,Penelope,PICNIC_BASKET2,SEASHELLS,30134.0,1
175200,Camilla,Penelope,PICNIC_BASKET2,SEASHELLS,30143.0,10
175300,Pablo,Caesar,PICNIC_BASKET2,SEASHELLS,30149.0,2
176500,Charlie,Penelope,PICNIC_BASKET2,SEASHELLS,30152.0,6
176800,Pablo,Caesar,PICNIC_BASKET2,SEASHELLS,30151.0,4
179900,Charlie,Penelope,PICNIC_BASKET2,SEASHELLS,30132.0,10
180300,Pablo,Camilla,PICNIC_BASKET2,SEASHELLS,30140.0,6
181400,Camilla,Penelope,PICNIC_BASKET2,SEASHELLS,30131.0,9
182100,Camilla,Penelope,PICNIC_BASKET2,SEASHELLS,30128.0,7
184000,Camilla,Caesar,PICNIC_BASKET2,SEASHELLS,30122.0,1
184900,Caesar,Penelope,PICNIC_BASKET2,SEASHELLS,30115.0,1
191100,Camilla,Penelope,PICNIC_BASKET2,SEASHELLS,30094.0,9
191200,Camilla,Pablo,PICNIC_BASKET2,SEASHELLS,30096.0,7
192600,Camilla,Pablo,PICNIC_BASKET2,SEASHELLS,30096.0,7
192800,Penelope,Charlie,PICNIC_BASKET2,SEASHELLS,30112.0,8
193000,Penelope,Camilla,PICNIC_BASKET2,SEASHELLS,30117.0,5
193200,Penelope,Charlie,PICNIC_BASKET2,SEASHELLS,30120.0,9
196000,Camilla,Pablo,PICNIC_BASKET2,SEASHELLS,30129.0,6
198200,Caesar,Pablo,PICNIC_BASKET2,SEASHELLS,30126.0,1
198200,Charlie,Pablo,PICNIC_BASKET2,SEASHELLS,30125.0,3
202000,Camilla,Pablo,PICNIC_BASKET2,SEASHELLS,30132.0,6
202300,Camilla,Caesar,PICNIC_BASKET2,SEASHELLS,30142.0,2
203600,Caesar,Pablo,PICNIC_BASKET2,SEASHELLS,30127.0,2
203600,Charlie,Pablo,PICNIC_BASKET2,SEASHELLS,30126.0,2
207200,Pablo,Caesar,PICNIC_BASKET2,SEASHELLS,30124.0,1
209200,Penelope,Caesar,PICNIC_BASKET2,SEASHELLS,30128.0,2
210000,Camilla,Penelope,PICNIC_BASKET2,SEASHELLS,30115.0,7
211800,Penelope,Charlie,PICNIC_BASKET2,SEASHELLS,30111.0,6
212400,Pablo,Caesar,PICNIC_BASKET2,SEASHELLS,30097.0,2
212700,Camilla,Pablo,PICNIC_BASKET2,SEASHELLS,30086.0,3
213400,Charlie,Penelope,PICNIC_BASKET2,SEASHELLS,30083.0,5
215300,Caesar,Penelope,PICNIC_BASKET2,SEASHELLS,30070.0,2
217900,Penelope,Camilla,PICNIC_BASKET2,SEASHELLS,30095.0,7
219200,Caesar,Penelope,PICNIC_BASKET2,SEASHELLS,30083.0,2
221000,Caesar,Penelope,PICNIC_BASKET2,SEASHELLS,30093.0,2
222800,Pablo,Camilla,PICNIC_BASKET2,SEASHELLS,30095.0,4
223600,Pablo,Camilla,PICNIC_BASKET2,SEASHELLS,30097.0,5
223700,Pablo,Caesar,PICNIC_BASKET2,SEASHELLS,30100.0,1
223700,Pablo,Camilla,PICNIC_BASKET2,SEASHELLS,30100.0,5
226300,Pablo,Camilla,PICNIC_BASKET2,SEASHELLS,30093.0,4
228600,Charlie,Penelope,PICNIC_BASKET2,SEASHELLS,30069.0,8
232500,Caesar,Penelope,PICNIC_BASKET2,SEASHELLS,30083.0,6
232900,Penelope,Charlie,PICNIC_BASKET2,SEASHELLS,30081.0,10
234600,Camilla,Penelope,PICNIC_BASKET2,SEASHELLS,30080.0,8
240600,Camilla,Penelope,PICNIC_BASKET2,SEASHELLS,30079.0,9
243200,Camilla,Penelope,PICNIC_BASKET2,SEASHELLS,30079.0,6
245200,Pablo,Camilla,PICNIC_BASKET2,SEASHELLS,30070.0,4
245300,Camilla,Caesar,PICNIC_BASKET2,SEASHELLS,30069.0,1
247100,Camilla,Pablo,PICNIC_BASKET2,SEASHELLS,30066.0,6
249000,Camilla,Pablo,PICNIC_BASKET2,SEASHELLS,30064.0,2
249900,Penelope,Camilla,PICNIC_BASKET2,SEASHELLS,30064.0,10
253200,Penelope,Camilla,PICNIC_BASKET2,SEASHELLS,30069.0,7
253300,Penelope,Caesar,PICNIC_BASKET2,SEASHELLS,30067.0,2
257700,Penelope,Camilla,PICNIC_BASKET2,SEASHELLS,30083.0,5
258000,Camilla,Caesar,PICNIC_BASKET2,SEASHELLS,30089.0,1
259200,Caesar,Pablo,PICNIC_BASKET2,SEASHELLS,30109.0,1
259200,Charlie,Pablo,PICNIC_BASKET2,SEASHELLS,30108.0,7
259400,Camilla,Pablo,PICNIC_BASKET2,SEASHELLS,30110.0,2
259500,Pablo,Caesar,PICNIC_BASKET2,SEASHELLS,30112.0,2
259500,Pablo,Penelope,PICNIC_BASKET2,SEASHELLS,30112.0,3
260800,Camilla,Penelope,PICNIC_BASKET2,SEASHELLS,30100.0,5
262500,Penelope,Charlie,PICNIC_BASKET2,SEASHELLS,30100.0,9
264100,Camilla,Penelope,PICNIC_BASKET2,SEASHELLS,30083.0,10
266000,Camilla,Caesar,PICNIC_BASKET2,SEASHELLS,30088.0,2
272600,Camilla,Caesar,PICNIC_BASKET2,SEASHELLS,30064.0,1
273200,Caesar,Penelope,PICNIC_BASKET2,SEASHELLS,30061.0,2
273800,Camilla,Pablo,PICNIC_BASKET2,SEASHELLS,30054.0,5
274000,Charlie,Pablo,PICNIC_BASKET2,SEASHELLS,30053.0,2
275400,Charlie,Pablo,PICNIC_BASKET2,SEASHELLS,30050.0,8
276300,Camilla,Pablo,PICNIC_BASKET2,SEASHELLS,30051.0,4
276400,Caesar,Pablo,PICNIC_BASKET2,SEASHELLS,30049.0,1
276400,Camilla,Pablo,PICNIC_BASKET2,SEASHELLS,30049.0,1
277500,Penelope,Caesar,PICNIC_BASKET2,SEASHELLS,30047.0,1
289000,Camilla,Caesar,PICNIC_BASKET2,SEASHELLS,30032.0,2
289100,Caesar,Pablo,PICNIC_BASKET2,SEASHELLS,30030.0,1
289100,Charlie,Pablo,PICNIC_BASKET2,SEASHELLS,30029.0,5
289200,Penelope,Caesar,PICNIC_BASKET2,SEASHELLS,30036.0,2
289900,Pablo,Camilla,PICNIC_BASKET2,SEASHELLS,30034.0,5
291500,Penelope,Caesar,PICNIC_BASKET2,SEASHELLS,30025.0,3
296400,Pablo,Caesar,PICNIC_BASKET2,SEASHELLS,30042.0,4
296400,Pablo,Caesar,PICNIC_BASKET2,SEASHELLS,30045.0,1
296400,Pablo,Camilla,PICNIC_BASKET2,SEASHELLS,30045.0,3
297400,Camilla,Pablo,PICNIC_BASKET2,SEASHELLS,30031.0,2
299500,Penelope,Camilla,PICNIC_BASKET2,SEASHELLS,30045.0,7
302600,Penelope,Caesar,PICNIC_BASKET2,SEASHELLS,30035.0,2
308800,Pablo,Camilla,PICNIC_BASKET2,SEASHELLS,29985.0,2
310300,Caesar,Pablo,PICNIC_BASKET2,SEASHELLS,29974.0,8
313200,Camilla,Penelope,PICNIC_BASKET2,SEASHELLS,29968.0,5
313600,Caesar,Penelope,PICNIC_BASKET2,SEASHELLS,29962.0,2
314600,Penelope,Charlie,PICNIC_BASKET2,SEASHELLS,29971.0,7
317500,Pablo,Caesar,PICNIC_BASKET2,SEASHELLS,29983.0,2
317500,Pablo,Camilla,PICNIC_BASKET2,SEASHELLS,29983.0,5
317900,Pablo,Camilla,PICNIC_BASKET2,SEASHELLS,29980.0,5
318000,Penelope,Camilla,PICNIC_BASKET2,SEASHELLS,29983.0,6
318100,Charlie,Penelope,PICNIC_BASKET2,SEASHELLS,29975.0,9
320600,Caesar,Pablo,PICNIC_BASKET2,SEASHELLS,29994.0,3
320800,Camilla,Penelope,PICNIC_BASKET2,SEASHELLS,29991.0,9
323600,Penelope,Charlie,PICNIC_BASKET2,SEASHELLS,29971.0,8
325400,Camilla,Pablo,PICNIC_BASKET2,SEASHELLS,29959.0,8
328000,Caesar,Penelope,PICNIC_BASKET2,SEASHELLS,29968.0,1
329200,Camilla,Penelope,PICNIC_BASKET2,SEASHELLS,29962.0,7
329300,Camilla,Penelope,PICNIC_BASKET2,SEASHELLS,29964.0,7
329800,Caesar,Pablo,PICNIC_BASKET2,SEASHELLS,29963.0,1
329800,Charlie,Pablo,PICNIC_BASKET2,SEASHELLS,29962.0,5
331500,Camilla,Penelope,PICNIC_BASKET2,SEASHELLS,29974.0,8
332000,Charlie,Penelope,PICNIC_BASKET2,SEASHELLS,29987.0,7
334000,Pablo,Camilla,PICNIC_BASKET2,SEASHELLS,29995.0,3
334300,Charlie,Pablo,PICNIC_BASKET2,SEASHELLS,29986.0,8
336200,Charlie,Pablo,PICNIC_BASKET2,SEASHELLS,29992.0,2
336700,Penelope,Camilla,PICNIC_BASKET2,SEASHELLS,30003.0,10
336900,Caesar,Pablo,PICNIC_BASKET2,SEASHELLS,30000.0,2
336900,Charlie,Pablo,PICNIC_BASKET2,SEASHELLS,29999.0,6
341000,Camilla,Caesar,PICNIC_BASKET2,SEASHELLS,29993.0,2
342300,Camilla,Pablo,PICNIC_BASKET2,SEASHELLS,29980.0,3
342900,Charlie,Pablo,PICNIC_BASKET2,SEASHELLS,29967.0,3
344600,Camilla,Penelope,PICNIC_BASKET2,SEASHELLS,29954.0,5
346000,Camilla,Penelope,PICNIC_BASKET2,SEASHELLS,29932.0,5
349000,Caesar,Penelope,PICNIC_BASKET2,SEASHELLS,29946.0,1
350200,Caesar,Pablo,PICNIC_BASKET2,SEASHELLS,29954.0,1
351400,Camilla,Caesar,PICNIC_BASKET2,SEASHELLS,29951.0,1
351700,Caesar,Pablo,PICNIC_BASKET2,SEASHELLS,29955.0,2
351700,Charlie,Pablo,PICNIC_BASKET2,SEASHELLS,29954.0,1
353300,Pablo,Caesar,PICNIC_BASKET2,SEASHELLS,29949.0,2
358200,Penelope,Charlie,PICNIC_BASKET2,SEASHELLS,29968.0,8
362600,Charlie,Pablo,PICNIC_BASKET2,SEASHELLS,29973.0,3
368900,Camilla,Pablo,PICNIC_BASKET2,SEASHELLS,29981.0,5
374600,Penelope,Charlie,PICNIC_BASKET2,SEASHELLS,29996.0,6
378300,Caesar,Pablo,PICNIC_BASKET2,SEASHELLS,29973.0,2
378300,Charlie,Pablo,PICNIC_BASKET2,SEASHELLS,29972.0,1
382200,Caesar,Pablo,PICNIC_BASKET2,SEASHELLS,29965.0,1
382200,Charlie,Pablo,PICNIC_BASKET2,SEASHELLS,29964.0,7
382400,Camilla,Penelope,PICNIC_BASKET2,SEASHELLS,29961.0,9
385500,Penelope,Caesar,PICNIC_BASKET2,SEASHELLS,29962.0,2
385900,Caesar,Penelope,PICNIC_BASKET2,SEASHELLS,29954.0,1
386000,Penelope,Charlie,PICNIC_BASKET2,SEASHELLS,29958.0,9
389400,Charlie,Pablo,PICNIC_BASKET2,SEASHELLS,29969.0,2
390400,Caesar,Pablo,PICNIC_BASKET2,SEASHELLS,29975.0,2
390400,Camilla,Pablo,PICNIC_BASKET2,SEASHELLS,29975.0,2
393100,Penelope,Camilla,PICNIC_BASKET2,SEASHELLS,29976.0,9
393400,Caesar,Pablo,PICNIC_BASKET2,SEASHELLS,29969.0,1
393400,Camilla,Pablo,PICNIC_BASKET2,SEASHELLS,29969.0,3
394400,Pablo,Caesar,PICNIC_BASKET2,SEASHELLS,29967.0,1
394600,Penelope,Charlie,PICNIC_BASKET2,SEASHELLS,29974.0,8
395400,Camilla,Penelope,PICNIC_BASKET2,SEASHELLS,29955.0,10
396500,Charlie,Pablo,PICNIC_BASKET2,SEASHELLS,29965.0,3
396600,Penelope,Camilla,PICNIC_BASKET2,SEASHELLS,29967.0,8
400000,Camilla,Pablo,PICNIC_BASKET2,SEASHELLS,29964.0,4
403800,Charlie,Pablo,PICNIC_BASKET2,SEASHELLS,29950.0,2
403900,Caesar,Penelope,PICNIC_BASKET2,SEASHELLS,29952.0,2
404200,Penelope,Caesar,PICNIC_BASKET2,SEASHELLS,29961.0,2
404500,Caesar,Pablo,PICNIC_BASKET2,SEASHELLS,29957.0,1
404500,Charlie,Pablo,PICNIC_BASKET2,SEASHELLS,29956.0,7
404900,Pablo,Camilla,PICNIC_BASKET2,SEASHELLS,29962.0,3
406200,Charlie,Penelope,PICNIC_BASKET2,SEASHELLS,29960.0,7
410700,Penelope,Charlie,PICNIC_BASKET2,SEASHELLS,29956.0,9
412800,Pablo,Caesar,PICNIC_BASKET2,SEASHELLS,29971.0,1
414100,Camilla,Caesar,PICNIC_BASKET2,SEASHELLS,29975.0,1
414500,Penelope,Caesar,PICNIC_BASKET2,SEASHELLS,29984.0,2
415200,Penelope,Charlie,PICNIC_BASKET2,SEASHELLS,29985.0,6
416700,Charlie,Penelope,PICNIC_BASKET2,SEASHELLS,29974.0,10
418100,Caesar,Pablo,PICNIC_BASKET2,SEASHELLS,29998.0,2
420900,Camilla,Pablo,PICNIC_BASKET2,SEASHELLS,29966.0,6
422000,Charlie,Penelope,PICNIC_BASKET2,SEASHELLS,29964.0,6
422800,Caesar,Pablo,PICNIC_BASKET2,SEASHELLS,29965.0,3
422800,Charlie,Pablo,PICNIC_BASKET2,SEASHELLS,29962.0,5
424700,Pablo,Camilla,PICNIC_BASKET2,SEASHELLS,29958.0,4
426600,Camilla,Pablo,PICNIC_BASKET2,SEASHELLS,29930.0,3
427200,Camilla,Penelope,PICNIC_BASKET2,SEASHELLS,29924.0,7
428900,Penelope,Caesar,PICNIC_BASKET2,SEASHELLS,29934.0,5
429800,Pablo,Camilla,PICNIC_BASKET2,SEASHELLS,29940.0,4
431800,Caesar,Penelope,PICNIC_BASKET2,SEASHELLS,29962.0,2
432500,Penelope,Camilla,PICNIC_BASKET2,SEASHELLS,29969.0,6
434000,Penelope,Caesar,PICNIC_BASKET2,SEASHELLS,29974.0,1
434100,Camilla,Pablo,PICNIC_BASKET2,SEASHELLS,29968.0,6
437600,Pablo,Camilla,PICNIC_BASKET2,SEASHELLS,29978.0,3
439100,Camilla,Penelope,PICNIC_BASKET2,SEASHELLS,29967.0,8
439200,Camilla,Penelope,PICNIC_BASKET2,SEASHELLS,29967.0,8
439500,Camilla,Pablo,PICNIC_BASKET2,SEASHELLS,29967.0,8
443400,Charlie,Penelope,PICNIC_BASKET2,SEASHELLS,29971.0,6
444900,Camilla,Pablo,PICNIC_BASKET2,SEASHELLS,29988.0,7
445000,Penelope,Camilla,PICNIC_BASKET2,SEASHELLS,29993.0,6
453300,Penelope,Camilla,PICNIC_BASKET2,SEASHELLS,29995.0,5
455800,Camilla,Caesar,PICNIC_BASKET2,SEASHELLS,29975.0,1
456800,Camilla,Caesar,PICNIC_BASKET2,SEASHELLS,29957.0,2
457900,Camilla,Penelope,PICNIC_BASKET2,SEASHELLS,29956.0,8
458100,Pablo,Caesar,PICNIC_BASKET2,SEASHELLS,29959.0,2
458100,Pablo,Camilla,PICNIC_BASKET2,SEASHELLS,29959.0,3
458600,Penelope,Camilla,PICNIC_BASKET2,SEASHELLS,29964.0,6
461000,Penelope,Caesar,PICNIC_BASKET2,SEASHELLS,29976.0,1
463000,Camilla,Caesar,PICNIC_BASKET2,SEASHELLS,29971.0,1
463400,Caesar,Pablo,PICNIC_BASKET2,SEASHELLS,29970.0,1
463400,Charlie,Pablo,PICNIC_BASKET2,SEASHELLS,29969.0,1
477700,Penelope,Caesar,PICNIC_BASKET2,SEASHELLS,29993.0,1
478800,Camilla,Penelope,PICNIC_BASKET2,SEASHELLS,29994.0,10
479000,Penelope,Caesar,PICNIC_BASKET2,SEASHELLS,29999.0,2
482800,Camilla,Pablo,PICNIC_BASKET2,SEASHELLS,30005.0,5
484200,Penelope,Charlie,PICNIC_BASKET2,SEASHELLS,30006.0,10
488600,Camilla,Penelope,PICNIC_BASKET2,SEASHELLS,30004.0,9
489900,Camilla,Caesar,PICNIC_BASKET2,SEASHELLS,30005.0,1
491900,Pablo,Camilla,PICNIC_BASKET2,SEASHELLS,30016.0,6
492200,Charlie,Penelope,PICNIC_BASKET2,SEASHELLS,30019.0,7
494000,Camilla,Caesar,PICNIC_BASKET2,SEASHELLS,30026.0,1
500100,Camilla,Pablo,PICNIC_BASKET2,SEASHELLS,30009.0,5
500100,Camilla,Penelope,PICNIC_BASKET2,SEASHELLS,30009.0,9
500500,Penelope,Caesar,PICNIC_BASKET2,SEASHELLS,30010.0,2
501600,Charlie,Penelope,PICNIC_BASKET2,SEASHELLS,30005.0,7
504400,Pablo,Caesar,PICNIC_BASKET2,SEASHELLS,30011.0,1
513400,Charlie,Pablo,PICNIC_BASKET2,SEASHELLS,30005.0,2
514000,Camilla,Pablo,PICNIC_BASKET2,SEASHELLS,30017.0,7
515300,Penelope,Charlie,PICNIC_BASKET2,SEASHELLS,30014.0,10
517000,Penelope,Camilla,PICNIC_BASKET2,SEASHELLS,30024.0,8
519700,Charlie,Pablo,PICNIC_BASKET2,SEASHELLS,30015.0,4
520900,Camilla,Penelope,PICNIC_BASKET2,SEASHELLS,30020.0,7
521600,Penelope,Caesar,PICNIC_BASKET2,SEASHELLS,30030.0,1
526200,Camilla,Pablo,PICNIC_BASKET2,SEASHELLS,30033.0,3
528100,Pablo,Caesar,PICNIC_BASKET2,SEASHELLS,30036.0,2
535300,Caesar,Penelope,PICNIC_BASKET2,SEASHELLS,30044.0,1
536100,Charlie,Pablo,PICNIC_BASKET2,SEASHELLS,30034.0,6
537300,Pablo,Camilla,PICNIC_BASKET2,SEASHELLS,30040.0,2
537400,Caesar,Pablo,PICNIC_BASKET2,SEASHELLS,30035.0,1
537400,Camilla,Pablo,PICNIC_BASKET2,SEASHELLS,30035.0,2
542600,Caesar,Penelope,PICNIC_BASKET2,SEASHELLS,29999.0,1
545900,Caesar,Penelope,PICNIC_BASKET2,SEASHELLS,30003.0,2
548700,Charlie,Pablo,PICNIC_BASKET2,SEASHELLS,30019.0,5
550100,Camilla,Penelope,PICNIC_BASKET2,SEASHELLS,30028.0,8
553100,Camilla,Penelope,PICNIC_BASKET2,SEASHELLS,30038.0,7
554600,Penelope,Caesar,PICNIC_BASKET2,SEASHELLS,30036.0,1
555200,Caesar,Penelope,PICNIC_BASKET2,SEASHELLS,30028.0,2
556100,Charlie,Pablo,PICNIC_BASKET2,SEASHELLS,30026.0,6
556700,Charlie,Pablo,PICNIC_BASKET2,SEASHELLS,30023.0,8
562200,Caesar,Penelope,PICNIC_BASKET2,SEASHELLS,30032.0,2
562600,Caesar,Penelope,PICNIC_BASKET2,SEASHELLS,30031.0,3
564000,Pablo,Caesar,PICNIC_BASKET2,SEASHELLS,30038.0,1
565100,Camilla,Penelope,PICNIC_BASKET2,SEASHELLS,30034.0,10
565700,Camilla,Pablo,PICNIC_BASKET2,SEASHELLS,30040.0,6
567600,Camilla,Pablo,PICNIC_BASKET2,SEASHELLS,30057.0,4
569000,Penelope,Caesar,PICNIC_BASKET2,SEASHELLS,30084.0,2
571600,Penelope,Camilla,PICNIC_BASKET2,SEASHELLS,30076.0,8
572300,Camilla,Pablo,PICNIC_BASKET2,SEASHELLS,30072.0,3
574000,Camilla,Pablo,PICNIC_BASKET2,SEASHELLS,30081.0,7
577800,Penelope,Camilla,PICNIC_BASKET2,SEASHELLS,30093.0,8
585700,Charlie,Penelope,PICNIC_BASKET2,SEASHELLS,30126.0,7
593500,Caesar,Pablo,PICNIC_BASKET2,SEASHELLS,30117.0,1
593500,Camilla,Pablo,PICNIC_BASKET2,SEASHELLS,30115.0,1
593600,Caesar,Penelope,PICNIC_BASKET2,SEASHELLS,30117.0,1
593700,Penelope,Camilla,PICNIC_BASKET2,SEASHELLS,30121.0,7
595600,Camilla,Caesar,PICNIC_BASKET2,SEASHELLS,30104.0,1
600100,Pablo,Camilla,PICNIC_BASKET2,SEASHELLS,30129.0,2
603600,Camilla,Caesar,PICNIC_BASKET2,SEASHELLS,30139.0,1
603900,Charlie,Penelope,PICNIC_BASKET2,SEASHELLS,30131.0,10
604100,Camilla,Penelope,PICNIC_BASKET2,SEASHELLS,30130.0,6
605800,Camilla,Penelope,PICNIC_BASKET2,SEASHELLS,30113.0,9
608900,Penelope,Camilla,PICNIC_BASKET2,SEASHELLS,30103.0,6
611300,Charlie,Penelope,PICNIC_BASKET2,SEASHELLS,30091.0,6
611400,Caesar,Penelope,PICNIC_BASKET2,SEASHELLS,30093.0,2
615500,Penelope,Charlie,PICNIC_BASKET2,SEASHELLS,30100.0,6
616200,Pablo,Caesar,PICNIC_BASKET2,SEASHELLS,30101.0,5
619400,Camilla,Penelope,PICNIC_BASKET2,SEASHELLS,30075.0,8
620600,Pablo,Camilla,PICNIC_BASKET2,SEASHELLS,30091.0,5
621700,Penelope,Camilla,PICNIC_BASKET2,SEASHELLS,30094.0,8
622600,Caesar,Pablo,PICNIC_BASKET2,SEASHELLS,30091.0,2
622600,Camilla,Pablo,PICNIC_BASKET2,SEASHELLS,30091.0,5
625300,Camilla,Pablo,PICNIC_BASKET2,SEASHELLS,30088.0,8
631200,Camilla,Pablo,PICNIC_BASKET2,SEASHELLS,30101.0,2
633300,Camilla,Penelope,PICNIC_BASKET2,SEASHELLS,30092.0,9
636000,Penelope,Caesar,PICNIC_BASKET2,SEASHELLS,30097.0,5
636100,Caesar,Pablo,PICNIC_BASKET2,SEASHELLS,30097.0,1
639400,Camilla,Caesar,PICNIC_BASKET2,SEASHELLS,30118.0,1
639500,Camilla,Caesar,PICNIC_BASKET2,SEASHELLS,30118.0,1
640100,Camilla,Penelope,PICNIC_BASKET2,SEASHELLS,30110.0,6
640700,Camilla,Pablo,PICNIC_BASKET2,SEASHELLS,30109.0,5
641000,Camilla,Penelope,PICNIC_BASKET2,SEASHELLS,30109.0,6
642600,Penelope,Camilla,PICNIC_BASKET2,SEASHELLS,30111.0,8
642900,Caesar,Penelope,PICNIC_BASKET2,SEASHELLS,30115.0,5
650100,Penelope,Caesar,PICNIC_BASKET2,SEASHELLS,30117.0,6
654600,Camilla,Caesar,PICNIC_BASKET2,SEASHELLS,30119.0,1
657400,Penelope,Caesar,PICNIC_BASKET2,SEASHELLS,30110.0,1
661500,Penelope,Caesar,PICNIC_BASKET2,SEASHELLS,30114.0,1
666600,Caesar,Pablo,PICNIC_BASKET2,SEASHELLS,30117.0,2
666600,Camilla,Pablo,PICNIC_BASKET2,SEASHELLS,30115.0,2
667000,Penelope,Charlie,PICNIC_BASKET2,SEASHELLS,30117.0,9
671900,Camilla,Pablo,PICNIC_BASKET2,SEASHELLS,30113.0,3
672400,Caesar,Pablo,PICNIC_BASKET2,SEASHELLS,30116.0,2
672400,Charlie,Pablo,PICNIC_BASKET2,SEASHELLS,30115.0,4
675700,Penelope,Camilla,PICNIC_BASKET2,SEASHELLS,30157.0,6
676300,Caesar,Penelope,PICNIC_BASKET2,SEASHELLS,30157.0,1
678600,Penelope,Camilla,PICNIC_BASKET2,SEASHELLS,30179.0,5
682900,Penelope,Charlie,PICNIC_BASKET2,SEASHELLS,30181.0,7
683400,Penelope,Charlie,PICNIC_BASKET2,SEASHELLS,30184.0,6
685900,Camilla,Caesar,PICNIC_BASKET2,SEASHELLS,30165.0,2
686900,Camilla,Caesar,PICNIC_BASKET2,SEASHELLS,30167.0,2
687600,Caesar,Penelope,PICNIC_BASKET2,SEASHELLS,30164.0,5
690800,Camilla,Penelope,PICNIC_BASKET2,SEASHELLS,30157.0,7
691700,Pablo,Caesar,PICNIC_BASKET2,SEASHELLS,30164.0,1
691700,Pablo,Camilla,PICNIC_BASKET2,SEASHELLS,30164.0,4
693300,Camilla,Caesar,PICNIC_BASKET2,SEASHELLS,30155.0,1
696800,Caesar,Penelope,PICNIC_BASKET2,SEASHELLS,30159.0,2
700500,Pablo,Camilla,PICNIC_BASKET2,SEASHELLS,30147.0,6
703700,Caesar,Pablo,PICNIC_BASKET2,SEASHELLS,30137.0,1
703700,Charlie,Pablo,PICNIC_BASKET2,SEASHELLS,30136.0,4
705100,Pablo,Camilla,PICNIC_BASKET2,SEASHELLS,30143.0,5
707900,Charlie,Penelope,PICNIC_BASKET2,SEASHELLS,30130.0,7
710100,Caesar,Pablo,PICNIC_BASKET2,SEASHELLS,30131.0,2
710100,Charlie,Pablo,PICNIC_BASKET2,SEASHELLS,30130.0,4
711100,Camilla,Penelope,PICNIC_BASKET2,SEASHELLS,30139.0,8
717100,Camilla,Pablo,PICNIC_BASKET2,SEASHELLS,30110.0,4
717200,Penelope,Caesar,PICNIC_BASKET2,SEASHELLS,30116.0,2
724300,Caesar,Pablo,PICNIC_BASKET2,SEASHELLS,30105.0,2
724300,Camilla,Pablo,PICNIC_BASKET2,SEASHELLS,30103.0,4
730600,Penelope,Caesar,PICNIC_BASKET2,SEASHELLS,30074.0,2
731100,Penelope,Camilla,PICNIC_BASKET2,SEASHELLS,30074.0,9
731600,Penelope,Camilla,PICNIC_BASKET2,SEASHELLS,30071.0,9
732100,Penelope,Camilla,PICNIC_BASKET2,SEASHELLS,30076.0,8
735600,Caesar,Pablo,PICNIC_BASKET2,SEASHELLS,30072.0,3
735600,Camilla,Pablo,PICNIC_BASKET2,SEASHELLS,30070.0,5
743100,Caesar,Penelope,PICNIC_BASKET2,SEASHELLS,30058.0,5
745700,Pablo,Caesar,PICNIC_BASKET2,SEASHELLS,30051.0,2
745700,Pablo,Camilla,PICNIC_BASKET2,SEASHELLS,30051.0,3
745800,Camilla,Penelope,PICNIC_BASKET2,SEASHELLS,30045.0,7
746000,Penelope,Charlie,PICNIC_BASKET2,SEASHELLS,30054.0,10
747400,Penelope,Camilla,PICNIC_BASKET2,SEASHELLS,30054.0,8
748800,Camilla,Caesar,PICNIC_BASKET2,SEASHELLS,30052.0,2
749700,Camilla,Penelope,PICNIC_BASKET2,SEASHELLS,30058.0,8
751200,Camilla,Caesar,PICNIC_BASKET2,SEASHELLS,30059.0,2
752200,Penelope,Caesar,PICNIC_BASKET2,SEASHELLS,30059.0,1
752600,Penelope,Charlie,PICNIC_BASKET2,SEASHELLS,30058.0,9
755000,Camilla,Pablo,PICNIC_BASKET2,SEASHELLS,30052.0,2
755800,Caesar,Pablo,PICNIC_BASKET2,SEASHELLS,30060.0,1
755800,Camilla,Pablo,PICNIC_BASKET2,SEASHELLS,30060.0,5
756400,Camilla,Caesar,PICNIC_BASKET2,SEASHELLS,30057.0,2
760200,Caesar,Penelope,PICNIC_BASKET2,SEASHELLS,30078.0,2
764900,Caesar,Penelope,PICNIC_BASKET2,SEASHELLS,30097.0,3
767900,Penelope,Caesar,PICNIC_BASKET2,SEASHELLS,30090.0,2
769200,Camilla,Caesar,PICNIC_BASKET2,SEASHELLS,30080.0,2
770400,Penelope,Charlie,PICNIC_BASKET2,SEASHELLS,30082.0,6
772700,Charlie,Pablo,PICNIC_BASKET2,SEASHELLS,30052.0,6
773200,Penelope,Camilla,PICNIC_BASKET2,SEASHELLS,30057.0,5
773900,Camilla,Pablo,PICNIC_BASKET2,SEASHELLS,30059.0,6
777500,Penelope,Camilla,PICNIC_BASKET2,SEASHELLS,30063.0,10
780800,Caesar,Penelope,PICNIC_BASKET2,SEASHELLS,30048.0,2
781500,Charlie,Penelope,PICNIC_BASKET2,SEASHELLS,30046.0,5
782000,Caesar,Pablo,PICNIC_BASKET2,SEASHELLS,30045.0,2
782000,Camilla,Pablo,PICNIC_BASKET2,SEASHELLS,30045.0,2
784700,Caesar,Penelope,PICNIC_BASKET2,SEASHELLS,30041.0,1
786800,Penelope,Caesar,PICNIC_BASKET2,SEASHELLS,30044.0,2
787200,Charlie,Pablo,PICNIC_BASKET2,SEASHELLS,30041.0,3
787900,Penelope,Charlie,PICNIC_BASKET2,SEASHELLS,30048.0,5
789700,Pablo,Camilla,PICNIC_BASKET2,SEASHELLS,30051.0,4
791100,Charlie,Pablo,PICNIC_BASKET2,SEASHELLS,30037.0,6
793800,Charlie,Pablo,PICNIC_BASKET2,SEASHELLS,30040.0,8
797700,Camilla,Caesar,PICNIC_BASKET2,SEASHELLS,30046.0,1
798500,Caesar,Pablo,PICNIC_BASKET2,SEASHELLS,30043.0,2
798500,Charlie,Pablo,PICNIC_BASKET2,SEASHELLS,30042.0,5
799600,Charlie,Penelope,PICNIC_BASKET2,SEASHELLS,30039.0,9
800600,Charlie,Pablo,PICNIC_BASKET2,SEASHELLS,30047.0,2
802900,Camilla,Pablo,PICNIC_BASKET2,SEASHELLS,30055.0,7
804400,Caesar,Pablo,PICNIC_BASKET2,SEASHELLS,30050.0,2
804400,Charlie,Pablo,PICNIC_BASKET2,SEASHELLS,30049.0,3
805700,Penelope,Camilla,PICNIC_BASKET2,SEASHELLS,30071.0,8
812600,Camilla,Pablo,PICNIC_BASKET2,SEASHELLS,30062.0,8
815000,Caesar,Penelope,PICNIC_BASKET2,SEASHELLS,30044.0,2
815100,Penelope,Caesar,PICNIC_BASKET2,SEASHELLS,30049.0,1
816500,Caesar,Pablo,PICNIC_BASKET2,SEASHELLS,30051.0,1
816500,Charlie,Pablo,PICNIC_BASKET2,SEASHELLS,30050.0,7
819900,Penelope,Charlie,PICNIC_BASKET2,SEASHELLS,30071.0,8
820500,Caesar,Penelope,PICNIC_BASKET2,SEASHELLS,30064.0,2
822100,Camilla,Caesar,PICNIC_BASKET2,SEASHELLS,30081.0,2
824100,Charlie,Pablo,PICNIC_BASKET2,SEASHELLS,30054.0,6
825700,Charlie,Penelope,PICNIC_BASKET2,SEASHELLS,30059.0,6
826100,Camilla,Penelope,PICNIC_BASKET2,SEASHELLS,30064.0,9
828500,Charlie,Pablo,PICNIC_BASKET2,SEASHELLS,30067.0,7
831900,Camilla,Pablo,PICNIC_BASKET2,SEASHELLS,30050.0,6
832000,Caesar,Penelope,PICNIC_BASKET2,SEASHELLS,30052.0,2
833000,Pablo,Camilla,PICNIC_BASKET2,SEASHELLS,30076.0,2
834900,Caesar,Pablo,PICNIC_BASKET2,SEASHELLS,30091.0,1
834900,Camilla,Pablo,PICNIC_BASKET2,SEASHELLS,30089.0,7
836000,Pablo,Caesar,PICNIC_BASKET2,SEASHELLS,30090.0,1
837600,Camilla,Pablo,PICNIC_BASKET2,SEASHELLS,30075.0,7
841900,Charlie,Pablo,PICNIC_BASKET2,SEASHELLS,30076.0,5
842900,Pablo,Camilla,PICNIC_BASKET2,SEASHELLS,30083.0,5
843600,Pablo,Camilla,PICNIC_BASKET2,SEASHELLS,30081.0,3
845400,Camilla,Penelope,PICNIC_BASKET2,SEASHELLS,30064.0,9
845500,Camilla,Pablo,PICNIC_BASKET2,SEASHELLS,30064.0,6
846000,Penelope,Caesar,PICNIC_BASKET2,SEASHELLS,30065.0,2
849600,Penelope,Charlie,PICNIC_BASKET2,SEASHELLS,30075.0,7
852700,Penelope,Camilla,PICNIC_BASKET2,SEASHELLS,30083.0,5
856300,Camilla,Pablo,PICNIC_BASKET2,SEASHELLS,30074.0,7
856600,Camilla,Pablo,PICNIC_BASKET2,SEASHELLS,30077.0,5
859400,Caesar,Penelope,PICNIC_BASKET2,SEASHELLS,30068.0,1
861900,Caesar,Penelope,PICNIC_BASKET2,SEASHELLS,30068.0,1
868300,Penelope,Caesar,PICNIC_BASKET2,SEASHELLS,30111.0,1
870100,Caesar,Pablo,PICNIC_BASKET2,SEASHELLS,30105.0,2
870100,Charlie,Pablo,PICNIC_BASKET2,SEASHELLS,30102.0,3
870300,Caesar,Penelope,PICNIC_BASKET2,SEASHELLS,30101.0,2
872100,Charlie,Penelope,PICNIC_BASKET2,SEASHELLS,30101.0,6
873500,Pablo,Camilla,PICNIC_BASKET2,SEASHELLS,30113.0,3
875100,Charlie,Penelope,PICNIC_BASKET2,SEASHELLS,30101.0,8
876300,Penelope,Camilla,PICNIC_BASKET2,SEASHELLS,30110.0,8
877900,Camilla,Penelope,PICNIC_BASKET2,SEASHELLS,30100.0,9
879300,Pablo,Camilla,PICNIC_BASKET2,SEASHELLS,30112.0,2
882400,Penelope,Caesar,PICNIC_BASKET2,SEASHELLS,30114.0,2
883900,Penelope,Camilla,PICNIC_BASKET2,SEASHELLS,30100.0,8
884500,Penelope,Camilla,PICNIC_BASKET2,SEASHELLS,30095.0,8
887600,Caesar,Penelope,PICNIC_BASKET2,SEASHELLS,30074.0,1
887800,Caesar,Penelope,PICNIC_BASKET2,SEASHELLS,30073.0,1
891500,Penelope,Charlie,PICNIC_BASKET2,SEASHELLS,30062.0,8
892500,Penelope,Caesar,PICNIC_BASKET2,SEASHELLS,30066.0,1
893200,Camilla,Caesar,PICNIC_BASKET2,SEASHELLS,30065.0,2
895900,Pablo,Camilla,PICNIC_BASKET2,SEASHELLS,30078.0,2
900500,Penelope,Camilla,PICNIC_BASKET2,SEASHELLS,30065.0,5
903800,Penelope,Charlie,PICNIC_BASKET2,SEASHELLS,30052.0,10
904900,Camilla,Penelope,PICNIC_BASKET2,SEASHELLS,30058.0,8
905200,Caesar,Penelope,PICNIC_BASKET2,SEASHELLS,30058.0,2
906300,Penelope,Camilla,PICNIC_BASKET2,SEASHELLS,30061.0,8
906600,Pablo,Camilla,PICNIC_BASKET2,SEASHELLS,30064.0,5
910000,Caesar,Penelope,PICNIC_BASKET2,SEASHELLS,30051.0,5
910400,Caesar,Pablo,PICNIC_BASKET2,SEASHELLS,30050.0,6
910600,Camilla,Pablo,PICNIC_BASKET2,SEASHELLS,30051.0,8
912400,Pablo,Camilla,PICNIC_BASKET2,SEASHELLS,30055.0,4
913300,Pablo,Camilla,PICNIC_BASKET2,SEASHELLS,30053.0,5
916100,Camilla,Penelope,PICNIC_BASKET2,SEASHELLS,30048.0,10
916200,Penelope,Camilla,PICNIC_BASKET2,SEASHELLS,30056.0,6
921500,Camilla,Caesar,PICNIC_BASKET2,SEASHELLS,30045.0,1
928100,Camilla,Penelope,PICNIC_BASKET2,SEASHELLS,30066.0,10
930600,Caesar,Penelope,PICNIC_BASKET2,SEASHELLS,30070.0,1
930900,Penelope,Caesar,PICNIC_BASKET2,SEASHELLS,30073.0,1
931800,Pablo,Camilla,PICNIC_BASKET2,SEASHELLS,30076.0,3
936000,Penelope,Charlie,PICNIC_BASKET2,SEASHELLS,30075.0,5
937200,Camilla,Pablo,PICNIC_BASKET2,SEASHELLS,30075.0,2
939300,Caesar,Pablo,PICNIC_BASKET2,SEASHELLS,30059.0,2
939300,Charlie,Pablo,PICNIC_BASKET2,SEASHELLS,30058.0,6
941700,Penelope,Charlie,PICNIC_BASKET2,SEASHELLS,30067.0,5
944300,Camilla,Pablo,PICNIC_BASKET2,SEASHELLS,30064.0,6
948100,Camilla,Pablo,PICNIC_BASKET2,SEASHELLS,30060.0,3
957700,Caesar,Penelope,PICNIC_BASKET2,SEASHELLS,30099.0,7
966000,Penelope,Caesar,PICNIC_BASKET2,SEASHELLS,30111.0,2
966700,Camilla,Caesar,PICNIC_BASKET2,SEASHELLS,30111.0,1
967600,Camilla,Penelope,PICNIC_BASKET2,SEASHELLS,30107.0,9
969500,Camilla,Penelope,PICNIC_BASKET2,SEASHELLS,30094.0,8
971000,Penelope,Camilla,PICNIC_BASKET2,SEASHELLS,30099.0,7
971700,Pablo,Camilla,PICNIC_BASKET2,SEASHELLS,30093.0,5
972200,Camilla,Penelope,PICNIC_BASKET2,SEASHELLS,30089.0,9
972300,Penelope,Charlie,PICNIC_BASKET2,SEASHELLS,30095.0,10
973800,Pablo,Camilla,PICNIC_BASKET2,SEASHELLS,30094.0,2
973900,Caesar,Penelope,PICNIC_BASKET2,SEASHELLS,30094.0,3
974200,Camilla,Pablo,PICNIC_BASKET2,SEASHELLS,30092.0,7
978300,Camilla,Penelope,PICNIC_BASKET2,SEASHELLS,30105.0,7
979100,Camilla,Caesar,PICNIC_BASKET2,SEASHELLS,30116.0,2
979500,Camilla,Penelope,PICNIC_BASKET2,SEASHELLS,30112.0,7
982100,Penelope,Charlie,PICNIC_BASKET2,SEASHELLS,30116.0,8
983300,Camilla,Penelope,PICNIC_BASKET2,SEASHELLS,30120.0,9
996300,Caesar,Pablo,PICNIC_BASKET2,SEASHELLS,30097.0,1
996300,Charlie,Pablo,PICNIC_BASKET2,SEASHELLS,30096.0,5
997900,Penelope,Charlie,PICNIC_BASKET2,SEASHELLS,30077.0,5
998900,Caesar,Penelope,PICNIC_BASKET2,SEASHELLS,30074.0,5
1001000,Camilla,Pablo,PICNIC_BASKET2,SEASHELLS,30064.0,7
1002100,Charlie,Penelope,PICNIC_BASKET2,SEASHELLS,30051.0,9
1012200,Penelope,Charlie,PICNIC_BASKET2,SEASHELLS,30084.0,8
1012900,Penelope,Caesar,PICNIC_BASKET2,SEASHELLS,30075.0,2
1015000,Pablo,Caesar,PICNIC_BASKET2,SEASHELLS,30076.0,1
1015000,Pablo,Camilla,PICNIC_BASKET2,SEASHELLS,30076.0,4
1016400,Camilla,Penelope,PICNIC_BASKET2,SEASHELLS,30062.0,6
1022500,Penelope,Charlie,PICNIC_BASKET2,SEASHELLS,30055.0,6
1023000,Penelope,Camilla,PICNIC_BASKET2,SEASHELLS,30059.0,6
1026700,Camilla,Caesar,PICNIC_BASKET2,SEASHELLS,30051.0,1
1029300,Camilla,Pablo,PICNIC_BASKET2,SEASHELLS,30062.0,5
1032800,Pablo,Camilla,PICNIC_BASKET2,SEASHELLS,30071.0,4
1035100,Penelope,Camilla,PICNIC_BASKET2,SEASHELLS,30064.0,6
1037100,Camilla,Penelope,PICNIC_BASKET2,SEASHELLS,30061.0,8
1038600,Caesar,Pablo,PICNIC_BASKET2,SEASHELLS,30073.0,1
1038600,Charlie,Pablo,PICNIC_BASKET2,SEASHELLS,30072.0,6
1042500,Camilla,Pablo,PICNIC_BASKET2,SEASHELLS,30069.0,6
1045500,Camilla,Penelope,PICNIC_BASKET2,SEASHELLS,30064.0,10
1045900,Camilla,Pablo,PICNIC_BASKET2,SEASHELLS,30067.0,8
1053100,Charlie,Penelope,PICNIC_BASKET2,SEASHELLS,30065.0,10
1053800,Camilla,Pablo,PICNIC_BASKET2,SEASHELLS,30060.0,3
1056200,Penelope,Charlie,PICNIC_BASKET2,SEASHELLS,30052.0,10
1056600,Camilla,Caesar,PICNIC_BASKET2,SEASHELLS,30050.0,2
1060000,Penelope,Caesar,PICNIC_BASKET2,SEASHELLS,30079.0,1
1060300,Penelope,Caesar,PICNIC_BASKET2,SEASHELLS,30079.0,2
1060500,Camilla,Penelope,PICNIC_BASKET2,SEASHELLS,30071.0,6
1060900,Pablo,Camilla,PICNIC_BASKET2,SEASHELLS,30076.0,4
1061100,Caesar,Penelope,PICNIC_BASKET2,SEASHELLS,30069.0,1
1064800,Camilla,Pablo,PICNIC_BASKET2,SEASHELLS,30054.0,2
1069400,Penelope,Charlie,PICNIC_BASKET2,SEASHELLS,30089.0,6
1071300,Penelope,Camilla,PICNIC_BASKET2,SEASHELLS,30093.0,7
1072400,Charlie,Pablo,PICNIC_BASKET2,SEASHELLS,30092.0,6
1084000,Charlie,Penelope,PICNIC_BASKET2,SEASHELLS,30079.0,10
1088100,Penelope,Charlie,PICNIC_BASKET2,SEASHELLS,30094.0,5
1089000,Pablo,Caesar,PICNIC_BASKET2,SEASHELLS,30087.0,1
1089000,Pablo,Camilla,PICNIC_BASKET2,SEASHELLS,30087.0,6
1091200,Camilla,Pablo,PICNIC_BASKET2,SEASHELLS,30074.0,4
1091900,Camilla,Pablo,PICNIC_BASKET2,SEASHELLS,30084.0,6
1093400,Penelope,Camilla,PICNIC_BASKET2,SEASHELLS,30081.0,5
1095000,Penelope,Charlie,PICNIC_BASKET2,SEASHELLS,30075.0,9
1097100,Penelope,Caesar,PICNIC_BASKET2,SEASHELLS,30060.0,5
1102000,Camilla,Pablo,PICNIC_BASKET2,SEASHELLS,30065.0,5
1102400,Penelope,Camilla,PICNIC_BASKET2,SEASHELLS,30073.0,6
1110100,Camilla,Penelope,PICNIC_BASKET2,SEASHELLS,30061.0,7
1110400,Penelope,Camilla,PICNIC_BASKET2,SEASHELLS,30064.0,6
1111400,Caesar,Penelope,PICNIC_BASKET2,SEASHELLS,30064.0,2
1112400,Caesar,Penelope,PICNIC_BASKET2,SEASHELLS,30071.0,1
1113600,Penelope,Camilla,PICNIC_BASKET2,SEASHELLS,30072.0,8
1114500,Pablo,Caesar,PICNIC_BASKET2,SEASHELLS,30080.0,2
1114500,Pablo,Camilla,PICNIC_BASKET2,SEASHELLS,30080.0,1
1119600,Caesar,Penelope,PICNIC_BASKET2,SEASHELLS,30080.0,1
1123300,Pablo,Caesar,PICNIC_BASKET2,SEASHELLS,30073.0,1
1126800,Camilla,Penelope,PICNIC_BASKET2,SEASHELLS,30066.0,8
1130000,Camilla,Pablo,PICNIC_BASKET2,SEASHELLS,30064.0,7
1131400,Pablo,Caesar,PICNIC_BASKET2,SEASHELLS,30063.0,1
1133300,Camilla,Caesar,PICNIC_BASKET2,SEASHELLS,30060.0,1
1135200,Camilla,Penelope,PICNIC_BASKET2,SEASHELLS,30058.0,5
1136200,Caesar,Penelope,PICNIC_BASKET2,SEASHELLS,30064.0,1
1141800,Camilla,Pablo,PICNIC_BASKET2,SEASHELLS,30066.0,6
1142500,Caesar,Penelope,PICNIC_BASKET2,SEASHELLS,30062.0,1
1144100,Camilla,Pablo,PICNIC_BASKET2,SEASHELLS,30062.0,4
1144600,Penelope,Charlie,PICNIC_BASKET2,SEASHELLS,30066.0,10
1146600,Camilla,Penelope,PICNIC_BASKET2,SEASHELLS,30067.0,6
1148600,Pablo,Camilla,PICNIC_BASKET2,SEASHELLS,30078.0,5
1149300,Camilla,Pablo,PICNIC_BASKET2,SEASHELLS,30059.0,6
1153200,Penelope,Camilla,PICNIC_BASKET2,SEASHELLS,30070.0,9
1156300,Caesar,Pablo,PICNIC_BASKET2,SEASHELLS,30081.0,2
1160900,Camilla,Penelope,PICNIC_BASKET2,SEASHELLS,30059.0,5
1165400,Pablo,Camilla,PICNIC_BASKET2,SEASHELLS,30085.0,3
1166000,Penelope,Camilla,PICNIC_BASKET2,SEASHELLS,30088.0,6
1169300,Camilla,Pablo,PICNIC_BASKET2,SEASHELLS,30084.0,8
1173200,Camilla,Caesar,PICNIC_BASKET2,SEASHELLS,30090.0,1
1174600,Camilla,Penelope,PICNIC_BASKET2,SEASHELLS,30080.0,9
1175000,Pablo,Caesar,PICNIC_BASKET2,SEASHELLS,30081.0,1
1175200,Penelope,Charlie,PICNIC_BASKET2,SEASHELLS,30082.0,6
1182500,Camilla,Penelope,PICNIC_BASKET2,SEASHELLS,30092.0,9
1184900,Caesar,Pablo,PICNIC_BASKET2,SEASHELLS,30090.0,2
1190300,Camilla,Penelope,PICNIC_BASKET2,SEASHELLS,30075.0,6
1190600,Penelope,Caesar,PICNIC_BASKET2,SEASHELLS,30081.0,2
1196600,Penelope,Caesar,PICNIC_BASKET2,SEASHELLS,30097.0,1
1202400,Camilla,Pablo,PICNIC_BASKET2,SEASHELLS,30102.0,5
1203300,Camilla,Pablo,PICNIC_BASKET2,SEASHELLS,30109.0,3
1205700,Penelope,Charlie,PICNIC_BASKET2,SEASHELLS,30132.0,5
1206500,Camilla,Penelope,PICNIC_BASKET2,SEASHELLS,30140.0,5
1207300,Caesar,Pablo,PICNIC_BASKET2,SEASHELLS,30124.0,2
1207300,Camilla,Pablo,PICNIC_BASKET2,SEASHELLS,30124.0,3
1208200,Camilla,Pablo,PICNIC_BASKET2,SEASHELLS,30123.0,5
1208500,Caesar,Penelope,PICNIC_BASKET2,SEASHELLS,30125.0,1
1208700,Caesar,Pablo,PICNIC_BASKET2,SEASHELLS,30130.0,2
1208700,Camilla,Pablo,PICNIC_BASKET2,SEASHELLS,30130.0,6
1208900,Penelope,Charlie,PICNIC_BASKET2,SEASHELLS,30133.0,9
1209100,Caesar,Penelope,PICNIC_BASKET2,SEASHELLS,30125.0,2
1218400,Caesar,Pablo,PICNIC_BASKET2,SEASHELLS,30108.0,1
1218400,Charlie,Pablo,PICNIC_BASKET2,SEASHELLS,30107.0,5
1219700,Pablo,Caesar,PICNIC_BASKET2,SEASHELLS,30120.0,2
1219900,Camilla,Pablo,PICNIC_BASKET2,SEASHELLS,30116.0,8
1221600,Pablo,Camilla,PICNIC_BASKET2,SEASHELLS,30118.0,4
1225900,Camilla,Caesar,PICNIC_BASKET2,SEASHELLS,30111.0,1
1226400,Pablo,Camilla,PICNIC_BASKET2,SEASHELLS,30117.0,2
1230900,Penelope,Camilla,PICNIC_BASKET2,SEASHELLS,30106.0,6
1231500,Caesar,Pablo,PICNIC_BASKET2,SEASHELLS,30109.0,1
1231500,Charlie,Pablo,PICNIC_BASKET2,SEASHELLS,30108.0,1
1231600,Pablo,Caesar,PICNIC_BASKET2,SEASHELLS,30120.0,1
1233900,Caesar,Pablo,PICNIC_BASKET2,SEASHELLS,30126.0,2
1233900,Charlie,Pablo,PICNIC_BASKET2,SEASHELLS,30125.0,6
1234300,Penelope,Camilla,PICNIC_BASKET2,SEASHELLS,30131.0,8
1234600,Camilla,Pablo,PICNIC_BASKET2,SEASHELLS,30124.0,4
1237300,Camilla,Caesar,PICNIC_BASKET2,SEASHELLS,30112.0,3
1243200,Penelope,Charlie,PICNIC_BASKET2,SEASHELLS,30093.0,9
1246100,Camilla,Pablo,PICNIC_BASKET2,SEASHELLS,30078.0,7
1248400,Pablo,Caesar,PICNIC_BASKET2,SEASHELLS,30071.0,4
1248400,Pablo,Camilla,PICNIC_BASKET2,SEASHELLS,30073.0,1
1248500,Camilla,Caesar,PICNIC_BASKET2,SEASHELLS,30073.0,2
1250000,Charlie,Pablo,PICNIC_BASKET2,SEASHELLS,30074.0,5
1250400,Penelope,Caesar,PICNIC_BASKET2,SEASHELLS,30080.0,2
1250900,Pablo,Caesar,PICNIC_BASKET2,SEASHELLS,30078.0,2
1250900,Pablo,Camilla,PICNIC_BASKET2,SEASHELLS,30078.0,6
1253800,Penelope,Charlie,PICNIC_BASKET2,SEASHELLS,30075.0,10
1256600,Penelope,Caesar,PICNIC_BASKET2,SEASHELLS,30064.0,2
1265400,Camilla,Penelope,PICNIC_BASKET2,SEASHELLS,30060.0,6
1267900,Camilla,Penelope,PICNIC_BASKET2,SEASHELLS,30077.0,5
1275500,Camilla,Pablo,PICNIC_BASKET2,SEASHELLS,30088.0,7
1275900,Penelope,Camilla,PICNIC_BASKET2,SEASHELLS,30095.0,6
1276900,Penelope,Camilla,PICNIC_BASKET2,SEASHELLS,30097.0,7
1282300,Camilla,Pablo,PICNIC_BASKET2,SEASHELLS,30048.0,3
1282800,Penelope,Caesar,PICNIC_BASKET2,SEASHELLS,30049.0,6
1283000,Pablo,Camilla,PICNIC_BASKET2,SEASHELLS,30055.0,3
1286200,Pablo,Camilla,PICNIC_BASKET2,SEASHELLS,30065.0,4
1288800,Camilla,Pablo,PICNIC_BASKET2,SEASHELLS,30077.0,6
1290500,Caesar,Penelope,PICNIC_BASKET2,SEASHELLS,30069.0,2
1292300,Pablo,Caesar,PICNIC_BASKET2,SEASHELLS,30071.0,1
1293200,Caesar,Penelope,PICNIC_BASKET2,SEASHELLS,30074.0,1
1298100,Caesar,Penelope,PICNIC_BASKET2,SEASHELLS,30078.0,1
1298900,Camilla,Pablo,PICNIC_BASKET2,SEASHELLS,30078.0,5
1300400,Camilla,Caesar,PICNIC_BASKET2,SEASHELLS,30084.0,1
1300800,Camilla,Penelope,PICNIC_BASKET2,SEASHELLS,30088.0,7
1302800,Camilla,Caesar,PICNIC_BASKET2,SEASHELLS,30100.0,1
1303900,Penelope,Caesar,PICNIC_BASKET2,SEASHELLS,30102.0,2
1307600,Camilla,Penelope,PICNIC_BASKET2,SEASHELLS,30091.0,6
1314400,Penelope,Charlie,PICNIC_BASKET2,SEASHELLS,30098.0,8
1314500,Caesar,Pablo,PICNIC_BASKET2,SEASHELLS,30095.0,2
1314500,Charlie,Pablo,PICNIC_BASKET2,SEASHELLS,30094.0,2
1317100,Camilla,Penelope,PICNIC_BASKET2,SEASHELLS,30078.0,5
1320500,Caesar,Penelope,PICNIC_BASKET2,SEASHELLS,30074.0,2
1321100,Penelope,Camilla,PICNIC_BASKET2,SEASHELLS,30071.0,9
1321200,Penelope,Caesar,PICNIC_BASKET2,SEASHELLS,30071.0,2
1324400,Charlie,Penelope,PICNIC_BASKET2,SEASHELLS,30061.0,7
1324800,Camilla,Pablo,PICNIC_BASKET2,SEASHELLS,30054.0,6
1326300,Charlie,Pablo,PICNIC_BASKET2,SEASHELLS,30062.0,2
1335000,Caesar,Penelope,PICNIC_BASKET2,SEASHELLS,30067.0,1
1336400,Pablo,Camilla,PICNIC_BASKET2,SEASHELLS,30058.0,5
1336600,Penelope,Caesar,PICNIC_BASKET2,SEASHELLS,30057.0,2
1341100,Camilla,Caesar,PICNIC_BASKET2,SEASHELLS,30034.0,1
1342200,Pablo,Camilla,PICNIC_BASKET2,SEASHELLS,30033.0,5
1344500,Camilla,Pablo,PICNIC_BASKET2,SEASHELLS,30027.0,8
1345400,Camilla,Caesar,PICNIC_BASKET2,SEASHELLS,30019.0,2
1345500,Caesar,Pablo,PICNIC_BASKET2,SEASHELLS,30015.0,3
1345500,Caesar,Pablo,PICNIC_BASKET2,SEASHELLS,30013.0,1
1345500,Charlie,Pablo,PICNIC_BASKET2,SEASHELLS,30012.0,1
1346700,Camilla,Pablo,PICNIC_BASKET2,SEASHELLS,30021.0,3
1348200,Caesar,Penelope,PICNIC_BASKET2,SEASHELLS,30019.0,2
1349500,Caesar,Pablo,PICNIC_BASKET2,SEASHELLS,30021.0,1
1349500,Charlie,Pablo,PICNIC_BASKET2,SEASHELLS,30020.0,1
1357200,Camilla,Pablo,PICNIC_BASKET2,SEASHELLS,29983.0,2
1358700,Camilla,Penelope,PICNIC_BASKET2,SEASHELLS,29995.0,8
1362100,Charlie,Pablo,PICNIC_BASKET2,SEASHELLS,30011.0,4
1363400,Caesar,Pablo,PICNIC_BASKET2,SEASHELLS,30008.0,1
1363400,Charlie,Pablo,PICNIC_BASKET2,SEASHELLS,30007.0,1
1367100,Camilla,Caesar,PICNIC_BASKET2,SEASHELLS,30019.0,2
1372700,Caesar,Pablo,PICNIC_BASKET2,SEASHELLS,30036.0,1
1372700,Charlie,Pablo,PICNIC_BASKET2,SEASHELLS,30033.0,7
1376800,Penelope,Caesar,PICNIC_BASKET2,SEASHELLS,30059.0,2
1379300,Camilla,Caesar,PICNIC_BASKET2,SEASHELLS,30101.0,2
1381000,Penelope,Camilla,PICNIC_BASKET2,SEASHELLS,30083.0,10
1383600,Pablo,Caesar,PICNIC_BASKET2,SEASHELLS,30109.0,1
1387800,Pablo,Camilla,PICNIC_BASKET2,SEASHELLS,30115.0,6
1388800,Caesar,Pablo,PICNIC_BASKET2,SEASHELLS,30129.0,1
1388800,Charlie,Pablo,PICNIC_BASKET2,SEASHELLS,30128.0,5
1394300,Camilla,Caesar,PICNIC_BASKET2,SEASHELLS,30126.0,1
1394600,Penelope,Camilla,PICNIC_BASKET2,SEASHELLS,30139.0,5
1394900,Caesar,Pablo,PICNIC_BASKET2,SEASHELLS,30142.0,2
1394900,Charlie,Pablo,PICNIC_BASKET2,SEASHELLS,30141.0,3
1396000,Caesar,Pablo,PICNIC_BASKET2,SEASHELLS,30123.0,1
1396000,Charlie,Pablo,PICNIC_BASKET2,SEASHELLS,30122.0,4
1402600,Camilla,Pablo,PICNIC_BASKET2,SEASHELLS,30124.0,5
1402600,Camilla,Penelope,PICNIC_BASKET2,SEASHELLS,30124.0,9
1402900,Charlie,Pablo,PICNIC_BASKET2,SEASHELLS,30124.0,3
1403500,Caesar,Penelope,PICNIC_BASKET2,SEASHELLS,30107.0,5
1403700,Caesar,Pablo,PICNIC_BASKET2,SEASHELLS,30114.0,2
1403700,Charlie,Pablo,PICNIC_BASKET2,SEASHELLS,30113.0,4
1407100,Charlie,Penelope,PICNIC_BASKET2,SEASHELLS,30143.0,6
1407300,Penelope,Camilla,PICNIC_BASKET2,SEASHELLS,30155.0,7
1407500,Pablo,Caesar,PICNIC_BASKET2,SEASHELLS,30158.0,1
1409800,Penelope,Caesar,PICNIC_BASKET2,SEASHELLS,30166.0,2
1410900,Pablo,Caesar,PICNIC_BASKET2,SEASHELLS,30174.0,2
1412200,Camilla,Caesar,PICNIC_BASKET2,SEASHELLS,30189.0,1
1426500,Caesar,Penelope,PICNIC_BASKET2,SEASHELLS,30147.0,1
1426600,Caesar,Pablo,PICNIC_BASKET2,SEASHELLS,30149.0,2
1426600,Charlie,Pablo,PICNIC_BASKET2,SEASHELLS,30148.0,2
1430200,Caesar,Penelope,PICNIC_BASKET2,SEASHELLS,30161.0,2
1430400,Caesar,Pablo,PICNIC_BASKET2,SEASHELLS,30155.0,1
1430400,Charlie,Pablo,PICNIC_BASKET2,SEASHELLS,30154.0,3
1431300,Caesar,Penelope,PICNIC_BASKET2,SEASHELLS,30138.0,2
1432100,Charlie,Penelope,PICNIC_BASKET2,SEASHELLS,30150.0,5
1433600,Pablo,Camilla,PICNIC_BASKET2,SEASHELLS,30155.0,5
1433600,Penelope,Camilla,PICNIC_BASKET2,SEASHELLS,30156.0,8
1434800,Pablo,Caesar,PICNIC_BASKET2,SEASHELLS,30176.0,2
1439600,Camilla,Penelope,PICNIC_BASKET2,SEASHELLS,30163.0,9
1440000,Camilla,Penelope,PICNIC_BASKET2,SEASHELLS,30170.0,9
1441300,Caesar,Penelope,PICNIC_BASKET2,SEASHELLS,30169.0,2
1442700,Camilla,Penelope,PICNIC_BASKET2,SEASHELLS,30184.0,10
1447300,Penelope,Caesar,PICNIC_BASKET2,SEASHELLS,30175.0,1
1448900,Penelope,Camilla,PICNIC_BASKET2,SEASHELLS,30191.0,7
1449100,Camilla,Caesar,PICNIC_BASKET2,SEASHELLS,30187.0,1
1450800,Penelope,Camilla,PICNIC_BASKET2,SEASHELLS,30180.0,8
1453600,Camilla,Caesar,PICNIC_BASKET2,SEASHELLS,30148.0,1
1455200,Caesar,Penelope,PICNIC_BASKET2,SEASHELLS,30135.0,8
1457200,Camilla,Caesar,PICNIC_BASKET2,SEASHELLS,30149.0,3
1457900,Camilla,Pablo,PICNIC_BASKET2,SEASHELLS,30147.0,7
1460200,Camilla,Caesar,PICNIC_BASKET2,SEASHELLS,30163.0,3
1461100,Penelope,Camilla,PICNIC_BASKET2,SEASHELLS,30175.0,9
1468800,Camilla,Pablo,PICNIC_BASKET2,SEASHELLS,30222.0,7
1469100,Camilla,Pablo,PICNIC_BASKET2,SEASHELLS,30220.0,4
1469100,Camilla,Penelope,PICNIC_BASKET2,SEASHELLS,30220.0,6
1470700,Caesar,Penelope,PICNIC_BASKET2,SEASHELLS,30229.0,1
1472900,Caesar,Pablo,PICNIC_BASKET2,SEASHELLS,30243.0,1
1472900,Charlie,Pablo,PICNIC_BASKET2,SEASHELLS,30242.0,5
1473100,Penelope,Caesar,PICNIC_BASKET2,SEASHELLS,30248.0,1
1473700,Camilla,Pablo,PICNIC_BASKET2,SEASHELLS,30248.0,7
1474300,Charlie,Penelope,PICNIC_BASKET2,SEASHELLS,30244.0,10
1475600,Caesar,Penelope,PICNIC_BASKET2,SEASHELLS,30268.0,2
1475800,Penelope,Camilla,PICNIC_BASKET2,SEASHELLS,30276.0,10
1481300,Pablo,Caesar,PICNIC_BASKET2,SEASHELLS,30280.0,1
1481900,Charlie,Penelope,PICNIC_BASKET2,SEASHELLS,30265.0,9
1483900,Camilla,Penelope,PICNIC_BASKET2,SEASHELLS,30270.0,9
1487100,Charlie,Penelope,PICNIC_BASKET2,SEASHELLS,30247.0,9
1487800,Camilla,Penelope,PICNIC_BASKET2,SEASHELLS,30239.0,7
1491300,Penelope,Camilla,PICNIC_BASKET2,SEASHELLS,30203.0,9
1492200,Penelope,Caesar,PICNIC_BASKET2,SEASHELLS,30211.0,1
1497900,Camilla,Caesar,PICNIC_BASKET2,SEASHELLS,30199.0,3
1499400,Caesar,Penelope,PICNIC_BASKET2,SEASHELLS,30178.0,1
1501200,Pablo,Caesar,PICNIC_BASKET2,SEASHELLS,30176.0,2
1501200,Pablo,Camilla,PICNIC_BASKET2,SEASHELLS,30176.0,6
1502300,Charlie,Pablo,PICNIC_BASKET2,SEASHELLS,30165.0,2
1503400,Camilla,Caesar,PICNIC_BASKET2,SEASHELLS,30182.0,1
1505500,Pablo,Caesar,PICNIC_BASKET2,SEASHELLS,30170.0,2
1507600,Pablo,Caesar,PICNIC_BASKET2,SEASHELLS,30170.0,2
1507800,Camilla,Penelope,PICNIC_BASKET2,SEASHELLS,30171.0,9
1509300,Penelope,Camilla,PICNIC_BASKET2,SEASHELLS,30159.0,5
1509500,Camilla,Pablo,PICNIC_BASKET2,SEASHELLS,30154.0,5
1510100,Camilla,Caesar,PICNIC_BASKET2,SEASHELLS,30151.0,1
1512000,Camilla,Pablo,PICNIC_BASKET2,SEASHELLS,30142.0,5
1514700,Camilla,Pablo,PICNIC_BASKET2,SEASHELLS,30147.0,3
1520500,Caesar,Pablo,PICNIC_BASKET2,SEASHELLS,30130.0,3
1520500,Camilla,Pablo,PICNIC_BASKET2,SEASHELLS,30128.0,4
1522200,Charlie,Pablo,PICNIC_BASKET2,SEASHELLS,30123.0,7
1527900,Penelope,Charlie,PICNIC_BASKET2,SEASHELLS,30113.0,9
1531200,Camilla,Penelope,PICNIC_BASKET2,SEASHELLS,30081.0,6
1533500,Caesar,Pablo,PICNIC_BASKET2,SEASHELLS,30106.0,2
1533800,Pablo,Caesar,PICNIC_BASKET2,SEASHELLS,30112.0,1
1533800,Pablo,Camilla,PICNIC_BASKET2,SEASHELLS,30112.0,4
1537900,Pablo,Caesar,PICNIC_BASKET2,SEASHELLS,30133.0,1
1539000,Camilla,Penelope,PICNIC_BASKET2,SEASHELLS,30121.0,10
1545500,Camilla,Caesar,PICNIC_BASKET2,SEASHELLS,30177.0,1
1546800,Pablo,Camilla,PICNIC_BASKET2,SEASHELLS,30185.0,5
1547500,Caesar,Penelope,PICNIC_BASKET2,SEASHELLS,30178.0,2
1550400,Pablo,Camilla,PICNIC_BASKET2,SEASHELLS,30186.0,6
1551100,Camilla,Penelope,PICNIC_BASKET2,SEASHELLS,30171.0,7
1557800,Penelope,Charlie,PICNIC_BASKET2,SEASHELLS,30155.0,6
1560000,Caesar,Penelope,PICNIC_BASKET2,SEASHELLS,30187.0,1
1562000,Penelope,Camilla,PICNIC_BASKET2,SEASHELLS,30179.0,6
1562400,Caesar,Penelope,PICNIC_BASKET2,SEASHELLS,30171.0,2
1562600,Caesar,Penelope,PICNIC_BASKET2,SEASHELLS,30173.0,1
1563400,Penelope,Camilla,PICNIC_BASKET2,SEASHELLS,30174.0,7
1565000,Penelope,Camilla,PICNIC_BASKET2,SEASHELLS,30164.0,5
1567600,Penelope,Charlie,PICNIC_BASKET2,SEASHELLS,30139.0,10
1569600,Penelope,Charlie,PICNIC_BASKET2,SEASHELLS,30129.0,8
1569800,Camilla,Caesar,PICNIC_BASKET2,SEASHELLS,30132.0,2
1570300,Caesar,Pablo,PICNIC_BASKET2,SEASHELLS,30130.0,2
1570300,Charlie,Pablo,PICNIC_BASKET2,SEASHELLS,30129.0,6
1570300,Charlie,Penelope,PICNIC_BASKET2,SEASHELLS,30129.0,6
1571800,Camilla,Penelope,PICNIC_BASKET2,SEASHELLS,30123.0,10
1575600,Caesar,Pablo,PICNIC_BASKET2,SEASHELLS,30145.0,1
1575600,Charlie,Pablo,PICNIC_BASKET2,SEASHELLS,30144.0,6
1581100,Penelope,Camilla,PICNIC_BASKET2,SEASHELLS,30109.0,5
1582000,Camilla,Caesar,PICNIC_BASKET2,SEASHELLS,30097.0,1
1583100,Pablo,Camilla,PICNIC_BASKET2,SEASHELLS,30106.0,4
1585300,Charlie,Pablo,PICNIC_BASKET2,SEASHELLS,30104.0,5
1586100,Pablo,Caesar,PICNIC_BASKET2,SEASHELLS,30112.0,1
1586900,Caesar,Pablo,PICNIC_BASKET2,SEASHELLS,30105.0,1
1586900,Camilla,Pablo,PICNIC_BASKET2,SEASHELLS,30105.0,6
1587600,Penelope,Camilla,PICNIC_BASKET2,SEASHELLS,30105.0,7
1590600,Pablo,Caesar,PICNIC_BASKET2,SEASHELLS,30118.0,2
1590700,Caesar,Penelope,PICNIC_BASKET2,SEASHELLS,30114.0,3
1591000,Charlie,Penelope,PICNIC_BASKET2,SEASHELLS,30115.0,8
1593300,Camilla,Pablo,PICNIC_BASKET2,SEASHELLS,30111.0,7
1597300,Pablo,Caesar,PICNIC_BASKET2,SEASHELLS,30105.0,1
1597300,Pablo,Camilla,PICNIC_BASKET2,SEASHELLS,30105.0,1
1597600,Camilla,Pablo,PICNIC_BASKET2,SEASHELLS,30096.0,2
1599200,Penelope,Camilla,PICNIC_BASKET2,SEASHELLS,30118.0,10
1601400,Charlie,Pablo,PICNIC_BASKET2,SEASHELLS,30117.0,2
1601700,Pablo,Camilla,PICNIC_BASKET2,SEASHELLS,30125.0,4
1602400,Penelope,Caesar,PICNIC_BASKET2,SEASHELLS,30128.0,2
1603000,Penelope,Camilla,PICNIC_BASKET2,SEASHELLS,30129.0,9
1605700,Camilla,Penelope,PICNIC_BASKET2,SEASHELLS,30119.0,7
1606000,Caesar,Penelope,PICNIC_BASKET2,SEASHELLS,30122.0,1
1609200,Pablo,Caesar,PICNIC_BASKET2,SEASHELLS,30166.0,1
1612600,Camilla,Pablo,PICNIC_BASKET2,SEASHELLS,30201.0,7
1613300,Penelope,Caesar,PICNIC_BASKET2,SEASHELLS,30211.0,2
1613900,Pablo,Camilla,PICNIC_BASKET2,SEASHELLS,30216.0,5
1615400,Charlie,Pablo,PICNIC_BASKET2,SEASHELLS,30190.0,4
1617000,Caesar,Pablo,PICNIC_BASKET2,SEASHELLS,30196.0,1
1617000,Charlie,Pablo,PICNIC_BASKET2,SEASHELLS,30195.0,3
1619200,Penelope,Camilla,PICNIC_BASKET2,SEASHELLS,30174.0,9
1620900,Caesar,Penelope,PICNIC_BASKET2,SEASHELLS,30177.0,1
1623200,Camilla,Penelope,PICNIC_BASKET2,SEASHELLS,30200.0,9
1625500,Pablo,Camilla,PICNIC_BASKET2,SEASHELLS,30204.0,3
1625700,Penelope,Caesar,PICNIC_BASKET2,SEASHELLS,30204.0,1
1627400,Caesar,Penelope,PICNIC_BASKET2,SEASHELLS,30206.0,1
1628300,Camilla,Pablo,PICNIC_BASKET2,SEASHELLS,30208.0,6
1628400,Caesar,Pablo,PICNIC_BASKET2,SEASHELLS,30212.0,2
1634300,Penelope,Charlie,PICNIC_BASKET2,SEASHELLS,30234.0,10
1635600,Penelope,Camilla,PICNIC_BASKET2,SEASHELLS,30208.0,5
1639200,Caesar,Pablo,PICNIC_BASKET2,SEASHELLS,30204.0,2
1639200,Charlie,Pablo,PICNIC_BASKET2,SEASHELLS,30203.0,5
1644600,Camilla,Pablo,PICNIC_BASKET2,SEASHELLS,30213.0,6
1646900,Caesar,Penelope,PICNIC_BASKET2,SEASHELLS,30208.0,2
1648000,Pablo,Caesar,PICNIC_BASKET2,SEASHELLS,30218.0,1
1648700,Penelope,Camilla,PICNIC_BASKET2,SEASHELLS,30221.0,7
1648800,Penelope,Caesar,PICNIC_BASKET2,SEASHELLS,30218.0,2
1650300,Caesar,Pablo,PICNIC_BASKET2,SEASHELLS,30214.0,1
1650300,Charlie,Pablo,PICNIC_BASKET2,SEASHELLS,30213.0,3
1650800,Caesar,Penelope,PICNIC_BASKET2,SEASHELLS,30218.0,2
1651300,Penelope,Charlie,PICNIC_BASKET2,SEASHELLS,30215.0,8
1652900,Pablo,Caesar,PICNIC_BASKET2,SEASHELLS,30193.0,1
1652900,Pablo,Camilla,PICNIC_BASKET2,SEASHELLS,30193.0,5
1654100,Camilla,Pablo,PICNIC_BASKET2,SEASHELLS,30174.0,6
1654200,Pablo,Camilla,PICNIC_BASKET2,SEASHELLS,30176.0,6
1658400,Penelope,Caesar,PICNIC_BASKET2,SEASHELLS,30178.0,1
1665200,Penelope,Charlie,PICNIC_BASKET2,SEASHELLS,30188.0,9
1667800,Penelope,Caesar,PICNIC_BASKET2,SEASHELLS,30167.0,2
1669500,Pablo,Caesar,PICNIC_BASKET2,SEASHELLS,30198.0,1
1669500,Pablo,Camilla,PICNIC_BASKET2,SEASHELLS,30198.0,6
1670200,Caesar,Penelope,PICNIC_BASKET2,SEASHELLS,30193.0,1
1671700,Camilla,Pablo,PICNIC_BASKET2,SEASHELLS,30179.0,5
1672400,Camilla,Caesar,PICNIC_BASKET2,SEASHELLS,30179.0,3
1676600,Pablo,Caesar,PICNIC_BASKET2,SEASHELLS,30198.0,2
1676600,Pablo,Camilla,PICNIC_BASKET2,SEASHELLS,30198.0,1
1681300,Caesar,Pablo,PICNIC_BASKET2,SEASHELLS,30170.0,2
1682700,Camilla,Caesar,PICNIC_BASKET2,SEASHELLS,30193.0,2
1686600,Caesar,Penelope,PICNIC_BASKET2,SEASHELLS,30178.0,1
1691100,Penelope,Caesar,PICNIC_BASKET2,SEASHELLS,30214.0,1
1692900,Camilla,Penelope,PICNIC_BASKET2,SEASHELLS,30224.0,6
1693800,Penelope,Charlie,PICNIC_BASKET2,SEASHELLS,30230.0,6
1695100,Charlie,Penelope,PICNIC_BASKET2,SEASHELLS,30219.0,6
1699800,Camilla,Caesar,PICNIC_BASKET2,SEASHELLS,30246.0,1
1703400,Charlie,Penelope,PICNIC_BASKET2,SEASHELLS,30232.0,8
1703900,Charlie,Pablo,PICNIC_BASKET2,SEASHELLS,30229.0,8
1710400,Penelope,Charlie,PICNIC_BASKET2,SEASHELLS,30248.0,7
1710600,Penelope,Caesar,PICNIC_BASKET2,SEASHELLS,30247.0,1
1711700,Caesar,Pablo,PICNIC_BASKET2,SEASHELLS,30225.0,2
1711700,Charlie,Pablo,PICNIC_BASKET2,SEASHELLS,30224.0,3
1718100,Charlie,Pablo,PICNIC_BASKET2,SEASHELLS,30197.0,3
1719200,Penelope,Charlie,PICNIC_BASKET2,SEASHELLS,30198.0,6
1719800,Charlie,Pablo,PICNIC_BASKET2,SEASHELLS,30181.0,3
1721900,Caesar,Pablo,PICNIC_BASKET2,SEASHELLS,30182.0,2
1722700,Caesar,Penelope,PICNIC_BASKET2,SEASHELLS,30186.0,2
1724600,Penelope,Camilla,PICNIC_BASKET2,SEASHELLS,30183.0,9
1725900,Penelope,Caesar,PICNIC_BASKET2,SEASHELLS,30182.0,2
1727600,Pablo,Camilla,PICNIC_BASKET2,SEASHELLS,30158.0,4
1728900,Pablo,Caesar,PICNIC_BASKET2,SEASHELLS,30142.0,2
1733300,Penelope,Caesar,PICNIC_BASKET2,SEASHELLS,30129.0,1
1734600,Penelope,Camilla,PICNIC_BASKET2,SEASHELLS,30140.0,9
1736800,Penelope,Camilla,PICNIC_BASKET2,SEASHELLS,30157.0,6
1738200,Camilla,Pablo,PICNIC_BASKET2,SEASHELLS,30158.0,4
1738500,Caesar,Penelope,PICNIC_BASKET2,SEASHELLS,30155.0,6
1742500,Caesar,Pablo,PICNIC_BASKET2,SEASHELLS,30157.0,1
1742500,Charlie,Pablo,PICNIC_BASKET2,SEASHELLS,30156.0,3
1742800,Pablo,Caesar,PICNIC_BASKET2,SEASHELLS,30165.0,2
1745000,Camilla,Pablo,PICNIC_BASKET2,SEASHELLS,30159.0,7
1746200,Camilla,Caesar,PICNIC_BASKET2,SEASHELLS,30160.0,1
1748600,Caesar,Pablo,PICNIC_BASKET2,SEASHELLS,30172.0,2
1749100,Caesar,Pablo,PICNIC_BASKET2,SEASHELLS,30172.0,1
1749100,Charlie,Pablo,PICNIC_BASKET2,SEASHELLS,30171.0,4
1758600,Penelope,Camilla,PICNIC_BASKET2,SEASHELLS,30233.0,6
1758900,Camilla,Penelope,PICNIC_BASKET2,SEASHELLS,30224.0,7
1759300,Caesar,Penelope,PICNIC_BASKET2,SEASHELLS,30229.0,2
1762600,Camilla,Caesar,PICNIC_BASKET2,SEASHELLS,30226.0,2
1763000,Penelope,Camilla,PICNIC_BASKET2,SEASHELLS,30220.0,7
1764700,Penelope,Camilla,PICNIC_BASKET2,SEASHELLS,30204.0,7
1767800,Caesar,Pablo,PICNIC_BASKET2,SEASHELLS,30216.0,2
1767800,Camilla,Pablo,PICNIC_BASKET2,SEASHELLS,30214.0,6
1777000,Camilla,Pablo,PICNIC_BASKET2,SEASHELLS,30205.0,2
1777400,Penelope,Camilla,PICNIC_BASKET2,SEASHELLS,30217.0,7
1778300,Pablo,Caesar,PICNIC_BASKET2,SEASHELLS,30211.0,3
1779900,Camilla,Penelope,PICNIC_BASKET2,SEASHELLS,30202.0,6
1780200,Penelope,Camilla,PICNIC_BASKET2,SEASHELLS,30205.0,7
1782600,Camilla,Penelope,PICNIC_BASKET2,SEASHELLS,30179.0,10
1783900,Camilla,Pablo,PICNIC_BASKET2,SEASHELLS,30186.0,7
1788700,Camilla,Penelope,PICNIC_BASKET2,SEASHELLS,30173.0,7
1789700,Pablo,Caesar,PICNIC_BASKET2,SEASHELLS,30194.0,1
1793600,Charlie,Penelope,PICNIC_BASKET2,SEASHELLS,30182.0,9
1794000,Camilla,Penelope,PICNIC_BASKET2,SEASHELLS,30185.0,8
1794200,Camilla,Pablo,PICNIC_BASKET2,SEASHELLS,30184.0,7
1795500,Camilla,Pablo,PICNIC_BASKET2,SEASHELLS,30179.0,4
1795900,Camilla,Pablo,PICNIC_BASKET2,SEASHELLS,30176.0,4
1797900,Pablo,Caesar,PICNIC_BASKET2,SEASHELLS,30157.0,2
1800000,Camilla,Pablo,PICNIC_BASKET2,SEASHELLS,30142.0,3
1801600,Charlie,Pablo,PICNIC_BASKET2,SEASHELLS,30137.0,4
1804600,Pablo,Camilla,PICNIC_BASKET2,SEASHELLS,30126.0,3
1805100,Charlie,Penelope,PICNIC_BASKET2,SEASHELLS,30121.0,5
1807100,Penelope,Caesar,PICNIC_BASKET2,SEASHELLS,30113.0,1
1809500,Pablo,Caesar,PICNIC_BASKET2,SEASHELLS,30116.0,2
1816600,Caesar,Penelope,PICNIC_BASKET2,SEASHELLS,30098.0,2
1817900,Caesar,Penelope,PICNIC_BASKET2,SEASHELLS,30099.0,5
1818900,Penelope,Camilla,PICNIC_BASKET2,SEASHELLS,30106.0,10
1819200,Penelope,Camilla,PICNIC_BASKET2,SEASHELLS,30096.0,6
1819300,Charlie,Penelope,PICNIC_BASKET2,SEASHELLS,30085.0,9
1820800,Penelope,Camilla,PICNIC_BASKET2,SEASHELLS,30102.0,5
1822000,Camilla,Pablo,PICNIC_BASKET2,SEASHELLS,30093.0,5
1822400,Penelope,Charlie,PICNIC_BASKET2,SEASHELLS,30090.0,10
1826000,Penelope,Camilla,PICNIC_BASKET2,SEASHELLS,30123.0,7
1826500,Camilla,Pablo,PICNIC_BASKET2,SEASHELLS,30121.0,3
1833200,Camilla,Penelope,PICNIC_BASKET2,SEASHELLS,30149.0,10
1835400,Caesar,Pablo,PICNIC_BASKET2,SEASHELLS,30129.0,2
1835400,Charlie,Pablo,PICNIC_BASKET2,SEASHELLS,30128.0,3
1835800,Charlie,Penelope,PICNIC_BASKET2,SEASHELLS,30126.0,5
1836000,Penelope,Camilla,PICNIC_BASKET2,SEASHELLS,30134.0,10
1838500,Charlie,Penelope,PICNIC_BASKET2,SEASHELLS,30128.0,6
1839500,Charlie,Penelope,PICNIC_BASKET2,SEASHELLS,30132.0,7
1840000,Caesar,Pablo,PICNIC_BASKET2,SEASHELLS,30134.0,2
1840000,Camilla,Pablo,PICNIC_BASKET2,SEASHELLS,30134.0,4
1840200,Pablo,Camilla,PICNIC_BASKET2,SEASHELLS,30142.0,4
1840600,Charlie,Pablo,PICNIC_BASKET2,SEASHELLS,30145.0,3
1844200,Camilla,Penelope,PICNIC_BASKET2,SEASHELLS,30135.0,9
1844700,Camilla,Pablo,PICNIC_BASKET2,SEASHELLS,30138.0,5
1845800,Caesar,Pablo,PICNIC_BASKET2,SEASHELLS,30137.0,2
1847400,Caesar,Penelope,PICNIC_BASKET2,SEASHELLS,30132.0,1
1850200,Camilla,Penelope,PICNIC_BASKET2,SEASHELLS,30124.0,7
1851800,Pablo,Camilla,PICNIC_BASKET2,SEASHELLS,30133.0,3
1855800,Penelope,Caesar,PICNIC_BASKET2,SEASHELLS,30124.0,2
1856400,Caesar,Penelope,PICNIC_BASKET2,SEASHELLS,30114.0,3
1859900,Caesar,Penelope,PICNIC_BASKET2,SEASHELLS,30121.0,2
1860200,Penelope,Charlie,PICNIC_BASKET2,SEASHELLS,30121.0,7
1861900,Penelope,Charlie,PICNIC_BASKET2,SEASHELLS,30105.0,6
1862200,Caesar,Penelope,PICNIC_BASKET2,SEASHELLS,30099.0,2
1864600,Caesar,Pablo,PICNIC_BASKET2,SEASHELLS,30081.0,2
1864600,Charlie,Pablo,PICNIC_BASKET2,SEASHELLS,30080.0,1
1865600,Penelope,Camilla,PICNIC_BASKET2,SEASHELLS,30087.0,10
1868500,Caesar,Pablo,PICNIC_BASKET2,SEASHELLS,30102.0,2
1868500,Camilla,Pablo,PICNIC_BASKET2,SEASHELLS,30102.0,4
1869200,Pablo,Camilla,PICNIC_BASKET2,SEASHELLS,30093.0,4
1874600,Penelope,Caesar,PICNIC_BASKET2,SEASHELLS,30128.0,2
1875400,Pablo,Camilla,PICNIC_BASKET2,SEASHELLS,30119.0,3
1876100,Penelope,Caesar,PICNIC_BASKET2,SEASHELLS,30110.0,2
1879400,Penelope,Charlie,PICNIC_BASKET2,SEASHELLS,30106.0,9
1883900,Camilla,Pablo,PICNIC_BASKET2,SEASHELLS,30103.0,3
1886000,Penelope,Camilla,PICNIC_BASKET2,SEASHELLS,30092.0,7
1891400,Penelope,Charlie,PICNIC_BASKET2,SEASHELLS,30111.0,8
1891700,Penelope,Caesar,PICNIC_BASKET2,SEASHELLS,30104.0,7
1892000,Penelope,Charlie,PICNIC_BASKET2,SEASHELLS,30104.0,6
1894100,Pablo,Caesar,PICNIC_BASKET2,SEASHELLS,30100.0,2
1894100,Pablo,Camilla,PICNIC_BASKET2,SEASHELLS,30100.0,5
1896800,Camilla,Pablo,PICNIC_BASKET2,SEASHELLS,30096.0,2
1898800,Charlie,Penelope,PICNIC_BASKET2,SEASHELLS,30069.0,9
1899600,Penelope,Camilla,PICNIC_BASKET2,SEASHELLS,30067.0,9
1903300,Camilla,Pablo,PICNIC_BASKET2,SEASHELLS,30070.0,4
1904100,Pablo,Caesar,PICNIC_BASKET2,SEASHELLS,30076.0,4
1905100,Camilla,Pablo,PICNIC_BASKET2,SEASHELLS,30079.0,7
1905700,Camilla,Pablo,PICNIC_BASKET2,SEASHELLS,30073.0,7
1907500,Pablo,Caesar,PICNIC_BASKET2,SEASHELLS,30085.0,2
1907500,Pablo,Camilla,PICNIC_BASKET2,SEASHELLS,30085.0,5
1909800,Penelope,Caesar,PICNIC_BASKET2,SEASHELLS,30072.0,1
1914200,Penelope,Charlie,PICNIC_BASKET2,SEASHELLS,30102.0,6
1915400,Caesar,Pablo,PICNIC_BASKET2,SEASHELLS,30097.0,2
1915400,Charlie,Pablo,PICNIC_BASKET2,SEASHELLS,30096.0,4
1915800,Penelope,Caesar,PICNIC_BASKET2,SEASHELLS,30099.0,4
1921400,Penelope,Caesar,PICNIC_BASKET2,SEASHELLS,30076.0,2
1923900,Pablo,Caesar,PICNIC_BASKET2,SEASHELLS,30072.0,1
1923900,Pablo,Camilla,PICNIC_BASKET2,SEASHELLS,30072.0,4
1924300,Caesar,Pablo,PICNIC_BASKET2,SEASHELLS,30062.0,2
1924300,Charlie,Pablo,PICNIC_BASKET2,SEASHELLS,30061.0,4
1926100,Caesar,Penelope,PICNIC_BASKET2,SEASHELLS,30071.0,1
1927900,Caesar,Penelope,PICNIC_BASKET2,SEASHELLS,30088.0,2
1929200,Charlie,Pablo,PICNIC_BASKET2,SEASHELLS,30092.0,8
1932300,Charlie,Pablo,PICNIC_BASKET2,SEASHELLS,30107.0,6
1932600,Penelope,Camilla,PICNIC_BASKET2,SEASHELLS,30106.0,7
1934000,Caesar,Pablo,PICNIC_BASKET2,SEASHELLS,30104.0,1
1934000,Camilla,Pablo,PICNIC_BASKET2,SEASHELLS,30104.0,1
1935600,Caesar,Penelope,PICNIC_BASKET2,SEASHELLS,30107.0,1
1936700,Camilla,Penelope,PICNIC_BASKET2,SEASHELLS,30108.0,10
1940900,Caesar,Penelope,PICNIC_BASKET2,SEASHELLS,30097.0,1
1942600,Charlie,Pablo,PICNIC_BASKET2,SEASHELLS,30120.0,8
1944400,Penelope,Charlie,PICNIC_BASKET2,SEASHELLS,30125.0,10
1944500,Camilla,Penelope,PICNIC_BASKET2,SEASHELLS,30120.0,5
1946100,Camilla,Penelope,PICNIC_BASKET2,SEASHELLS,30130.0,7
1946200,Caesar,Penelope,PICNIC_BASKET2,SEASHELLS,30131.0,2
1947900,Caesar,Pablo,PICNIC_BASKET2,SEASHELLS,30138.0,1
1947900,Camilla,Pablo,PICNIC_BASKET2,SEASHELLS,30138.0,3
1950300,Penelope,Charlie,PICNIC_BASKET2,SEASHELLS,30155.0,10
1952300,Camilla,Caesar,PICNIC_BASKET2,SEASHELLS,30168.0,1
1953100,Camilla,Caesar,PICNIC_BASKET2,SEASHELLS,30167.0,2
1957200,Charlie,Pablo,PICNIC_BASKET2,SEASHELLS,30153.0,7
1957300,Camilla,Pablo,PICNIC_BASKET2,SEASHELLS,30157.0,4
1957500,Camilla,Pablo,PICNIC_BASKET2,SEASHELLS,30162.0,4
1961500,Penelope,Camilla,PICNIC_BASKET2,SEASHELLS,30150.0,9
1963100,Penelope,Caesar,PICNIC_BASKET2,SEASHELLS,30162.0,1
1965400,Pablo,Camilla,PICNIC_BASKET2,SEASHELLS,30177.0,6
1965600,Camilla,Pablo,PICNIC_BASKET2,SEASHELLS,30172.0,5
1965700,Penelope,Charlie,PICNIC_BASKET2,SEASHELLS,30178.0,8
1967100,Penelope,Caesar,PICNIC_BASKET2,SEASHELLS,30194.0,1
1968300,Penelope,Charlie,PICNIC_BASKET2,SEASHELLS,30185.0,5
1973900,Pablo,Caesar,PICNIC_BASKET2,SEASHELLS,30203.0,1
1973900,Pablo,Camilla,PICNIC_BASKET2,SEASHELLS,30203.0,1
1974800,Camilla,Penelope,PICNIC_BASKET2,SEASHELLS,30199.0,8
1977200,Penelope,Caesar,PICNIC_BASKET2,SEASHELLS,30214.0,2
1982400,Caesar,Penelope,PICNIC_BASKET2,SEASHELLS,30170.0,1
1982600,Caesar,Pablo,PICNIC_BASKET2,SEASHELLS,30167.0,1
1982600,Charlie,Pablo,PICNIC_BASKET2,SEASHELLS,30166.0,2
1986300,Camilla,Penelope,PICNIC_BASKET2,SEASHELLS,30153.0,5
1986800,Camilla,Caesar,PICNIC_BASKET2,SEASHELLS,30160.0,3
1987500,Camilla,Caesar,PICNIC_BASKET2,SEASHELLS,30167.0,1
1988100,Charlie,Penelope,PICNIC_BASKET2,SEASHELLS,30165.0,9
1989100,Camilla,Pablo,PICNIC_BASKET2,SEASHELLS,30162.0,5
1997500,Charlie,Pablo,PICNIC_BASKET2,SEASHELLS,30139.0,5
1999600,Charlie,Penelope,PICNIC_BASKET2,SEASHELLS,30124.0,10
2001500,Penelope,Charlie,PICNIC_BASKET2,SEASHELLS,30134.0,5
2001700,Penelope,Camilla,PICNIC_BASKET2,SEASHELLS,30134.0,6
2004200,Caesar,Pablo,PICNIC_BASKET2,SEASHELLS,30125.0,2
2006300,Charlie,Pablo,PICNIC_BASKET2,SEASHELLS,30140.0,3
2016500,Caesar,Penelope,PICNIC_BASKET2,SEASHELLS,30175.0,1
2017500,Charlie,Penelope,PICNIC_BASKET2,SEASHELLS,30178.0,5
2017600,Penelope,Caesar,PICNIC_BASKET2,SEASHELLS,30184.0,1
2017900,Camilla,Pablo,PICNIC_BASKET2,SEASHELLS,30179.0,5
2019100,Camilla,Penelope,PICNIC_BASKET2,SEASHELLS,30187.0,7
2019700,Caesar,Pablo,PICNIC_BASKET2,SEASHELLS,30186.0,1
2019700,Charlie,Pablo,PICNIC_BASKET2,SEASHELLS,30185.0,6
2021500,Penelope,Camilla,PICNIC_BASKET2,SEASHELLS,30201.0,5
2024100,Pablo,Camilla,PICNIC_BASKET2,SEASHELLS,30211.0,4
2026900,Penelope,Caesar,PICNIC_BASKET2,SEASHELLS,30210.0,1
2027600,Camilla,Penelope,PICNIC_BASKET2,SEASHELLS,30207.0,7
2030900,Camilla,Penelope,PICNIC_BASKET2,SEASHELLS,30195.0,8
2031900,Penelope,Caesar,PICNIC_BASKET2,SEASHELLS,30212.0,1
2034900,Pablo,Caesar,PICNIC_BASKET2,SEASHELLS,30197.0,2
2036400,Charlie,Penelope,PICNIC_BASKET2,SEASHELLS,30203.0,8
2037100,Caesar,Penelope,PICNIC_BASKET2,SEASHELLS,30201.0,1
2038500,Camilla,Pablo,PICNIC_BASKET2,SEASHELLS,30201.0,8
2039200,Caesar,Pablo,PICNIC_BASKET2,SEASHELLS,30197.0,1
2040300,Camilla,Pablo,PICNIC_BASKET2,SEASHELLS,30182.0,3
2040400,Pablo,Caesar,PICNIC_BASKET2,SEASHELLS,30189.0,2
2041900,Pablo,Camilla,PICNIC_BASKET2,SEASHELLS,30169.0,3
2043800,Caesar,Penelope,PICNIC_BASKET2,SEASHELLS,30178.0,2
2044800,Charlie,Pablo,PICNIC_BASKET2,SEASHELLS,30182.0,2
2047500,Penelope,Caesar,PICNIC_BASKET2,SEASHELLS,30192.0,5
2049800,Penelope,Caesar,PICNIC_BASKET2,SEASHELLS,30221.0,1
2051300,Penelope,Caesar,PICNIC_BASKET2,SEASHELLS,30209.0,1
2052900,Camilla,Pablo,PICNIC_BASKET2,SEASHELLS,30191.0,2
2054400,Penelope,Caesar,PICNIC_BASKET2,SEASHELLS,30200.0,1
2061700,Penelope,Camilla,PICNIC_BASKET2,SEASHELLS,30159.0,8
2066100,Penelope,Charlie,PICNIC_BASKET2,SEASHELLS,30169.0,10
2073000,Charlie,Penelope,PICNIC_BASKET2,SEASHELLS,30139.0,6
2073900,Caesar,Pablo,PICNIC_BASKET2,SEASHELLS,30137.0,1
2074000,Pablo,Camilla,PICNIC_BASKET2,SEASHELLS,30143.0,3
2076800,Pablo,Caesar,PICNIC_BASKET2,SEASHELLS,30134.0,2
2076800,Pablo,Penelope,PICNIC_BASKET2,SEASHELLS,30134.0,2
2078000,Penelope,Camilla,PICNIC_BASKET2,SEASHELLS,30129.0,5
2079500,Camilla,Penelope,PICNIC_BASKET2,SEASHELLS,30121.0,6
2080100,Camilla,Penelope,PICNIC_BASKET2,SEASHELLS,30116.0,8
2080600,Camilla,Penelope,PICNIC_BASKET2,SEASHELLS,30107.0,5
2081000,Camilla,Pablo,PICNIC_BASKET2,SEASHELLS,30103.0,2
2081700,Pablo,Camilla,PICNIC_BASKET2,SEASHELLS,30108.0,2
2082600,Penelope,Camilla,PICNIC_BASKET2,SEASHELLS,30104.0,6
2083100,Pablo,Camilla,PICNIC_BASKET2,SEASHELLS,30103.0,3
2086400,Caesar,Penelope,PICNIC_BASKET2,SEASHELLS,30106.0,2
2086700,Caesar,Penelope,PICNIC_BASKET2,SEASHELLS,30103.0,1
2088700,Camilla,Pablo,PICNIC_BASKET2,SEASHELLS,30115.0,2
2088800,Charlie,Pablo,PICNIC_BASKET2,SEASHELLS,30114.0,3
2092600,Caesar,Penelope,PICNIC_BASKET2,SEASHELLS,30131.0,2
2092700,Camilla,Penelope,PICNIC_BASKET2,SEASHELLS,30135.0,8
2093200,Caesar,Penelope,PICNIC_BASKET2,SEASHELLS,30137.0,1
2099900,Caesar,Penelope,PICNIC_BASKET2,SEASHELLS,30153.0,1
2108800,Pablo,Camilla,PICNIC_BASKET2,SEASHELLS,30156.0,6
2109300,Penelope,Charlie,PICNIC_BASKET2,SEASHELLS,30156.0,10
2110100,Penelope,Charlie,PICNIC_BASKET2,SEASHELLS,30161.0,8
2113600,Camilla,Pablo,PICNIC_BASKET2,SEASHELLS,30171.0,4
2113800,Charlie,Penelope,PICNIC_BASKET2,SEASHELLS,30178.0,7
2114800,Penelope,Charlie,PICNIC_BASKET2,SEASHELLS,30190.0,10
2116400,Penelope,Caesar,PICNIC_BASKET2,SEASHELLS,30184.0,1
2118300,Camilla,Pablo,PICNIC_BASKET2,SEASHELLS,30173.0,5
2118700,Penelope,Camilla,PICNIC_BASKET2,SEASHELLS,30180.0,10
2119100,Penelope,Camilla,PICNIC_BASKET2,SEASHELLS,30188.0,7
2120600,Caesar,Pablo,PICNIC_BASKET2,SEASHELLS,30184.0,5
2121900,Pablo,Camilla,PICNIC_BASKET2,SEASHELLS,30192.0,3
2122300,Penelope,Caesar,PICNIC_BASKET2,SEASHELLS,30202.0,2
2122600,Camilla,Pablo,PICNIC_BASKET2,SEASHELLS,30199.0,2
2124000,Penelope,Camilla,PICNIC_BASKET2,SEASHELLS,30199.0,5
2124900,Caesar,Pablo,PICNIC_BASKET2,SEASHELLS,30187.0,2
2125300,Camilla,Penelope,PICNIC_BASKET2,SEASHELLS,30194.0,8
2125400,Pablo,Camilla,PICNIC_BASKET2,SEASHELLS,30197.0,4
2126600,Penelope,Charlie,PICNIC_BASKET2,SEASHELLS,30199.0,7
2128000,Camilla,Pablo,PICNIC_BASKET2,SEASHELLS,30173.0,2
2131500,Caesar,Pablo,PICNIC_BASKET2,SEASHELLS,30172.0,1
2131500,Charlie,Pablo,PICNIC_BASKET2,SEASHELLS,30171.0,6
2132200,Camilla,Pablo,PICNIC_BASKET2,SEASHELLS,30169.0,7
2135300,Camilla,Penelope,PICNIC_BASKET2,SEASHELLS,30144.0,7
2136700,Penelope,Camilla,PICNIC_BASKET2,SEASHELLS,30131.0,7
2139300,Caesar,Pablo,PICNIC_BASKET2,SEASHELLS,30129.0,2
2139300,Charlie,Pablo,PICNIC_BASKET2,SEASHELLS,30128.0,5
2139400,Camilla,Pablo,PICNIC_BASKET2,SEASHELLS,30127.0,7
2139800,Charlie,Pablo,PICNIC_BASKET2,SEASHELLS,30123.0,5
2141200,Pablo,Caesar,PICNIC_BASKET2,SEASHELLS,30133.0,1
2141200,Pablo,Camilla,PICNIC_BASKET2,SEASHELLS,30133.0,1
2149000,Camilla,Penelope,PICNIC_BASKET2,SEASHELLS,30123.0,7
2149400,Caesar,Penelope,PICNIC_BASKET2,SEASHELLS,30113.0,1
2151500,Camilla,Penelope,PICNIC_BASKET2,SEASHELLS,30089.0,6
2151800,Penelope,Caesar,PICNIC_BASKET2,SEASHELLS,30090.0,2
2152300,Charlie,Penelope,PICNIC_BASKET2,SEASHELLS,30080.0,9
2163400,Charlie,Penelope,PICNIC_BASKET2,SEASHELLS,30076.0,6
2163700,Penelope,Caesar,PICNIC_BASKET2,SEASHELLS,30085.0,1
2169500,Camilla,Penelope,PICNIC_BASKET2,SEASHELLS,30053.0,5
2170300,Pablo,Camilla,PICNIC_BASKET2,SEASHELLS,30050.0,6
2173500,Caesar,Penelope,PICNIC_BASKET2,SEASHELLS,30046.0,1
2174000,Caesar,Pablo,PICNIC_BASKET2,SEASHELLS,30043.0,1
2174000,Charlie,Pablo,PICNIC_BASKET2,SEASHELLS,30042.0,5
2178100,Penelope,Caesar,PICNIC_BASKET2,SEASHELLS,30052.0,1
2178800,Pablo,Camilla,PICNIC_BASKET2,SEASHELLS,30051.0,4
2179100,Caesar,Penelope,PICNIC_BASKET2,SEASHELLS,30039.0,1
2185900,Charlie,Penelope,PICNIC_BASKET2,SEASHELLS,30006.0,8
2187000,Pablo,Caesar,PICNIC_BASKET2,SEASHELLS,30021.0,2
2192000,Penelope,Caesar,PICNIC_BASKET2,SEASHELLS,30030.0,1
2193400,Camilla,Penelope,PICNIC_BASKET2,SEASHELLS,30040.0,8
2194900,Charlie,Penelope,PICNIC_BASKET2,SEASHELLS,30028.0,9
2195300,Penelope,Camilla,PICNIC_BASKET2,SEASHELLS,30034.0,5
2197600,Penelope,Camilla,PICNIC_BASKET2,SEASHELLS,30035.0,5
2197900,Penelope,Caesar,PICNIC_BASKET2,SEASHELLS,30039.0,2
2210400,Penelope,Charlie,PICNIC_BASKET2,SEASHELLS,30013.0,8
2211200,Penelope,Camilla,PICNIC_BASKET2,SEASHELLS,30001.0,10
2211700,Camilla,Pablo,PICNIC_BASKET2,SEASHELLS,29994.0,4
2221400,Camilla,Penelope,PICNIC_BASKET2,SEASHELLS,29972.0,9
2222800,Caesar,Pablo,PICNIC_BASKET2,SEASHELLS,29977.0,1
2222800,Charlie,Pablo,PICNIC_BASKET2,SEASHELLS,29976.0,2
2224000,Camilla,Penelope,PICNIC_BASKET2,SEASHELLS,29981.0,8
2226900,Camilla,Penelope,PICNIC_BASKET2,SEASHELLS,29995.0,10
2228100,Caesar,Penelope,PICNIC_BASKET2,SEASHELLS,29997.0,1
2229500,Camilla,Pablo,PICNIC_BASKET2,SEASHELLS,30005.0,4
2233600,Penelope,Camilla,PICNIC_BASKET2,SEASHELLS,30007.0,6
2235300,Caesar,Penelope,PICNIC_BASKET2,SEASHELLS,30027.0,7
2238700,Penelope,Camilla,PICNIC_BASKET2,SEASHELLS,30041.0,9
2245300,Charlie,Pablo,PICNIC_BASKET2,SEASHELLS,30046.0,5
2247300,Caesar,Penelope,PICNIC_BASKET2,SEASHELLS,30052.0,2
2247600,Penelope,Charlie,PICNIC_BASKET2,SEASHELLS,30063.0,6
2249700,Caesar,Penelope,PICNIC_BASKET2,SEASHELLS,30068.0,2
2252200,Camilla,Penelope,PICNIC_BASKET2,SEASHELLS,30065.0,7
2252600,Camilla,Penelope,PICNIC_BASKET2,SEASHELLS,30067.0,7
2253200,Penelope,Camilla,PICNIC_BASKET2,SEASHELLS,30068.0,9
2254200,Penelope,Camilla,PICNIC_BASKET2,SEASHELLS,30071.0,9
2255600,Penelope,Caesar,PICNIC_BASKET2,SEASHELLS,30075.0,2
2257900,Penelope,Caesar,PICNIC_BASKET2,SEASHELLS,30070.0,1
2259200,Pablo,Penelope,PICNIC_BASKET2,SEASHELLS,30074.0,5
2261400,Camilla,Caesar,PICNIC_BASKET2,SEASHELLS,30070.0,1
2263800,Caesar,Pablo,PICNIC_BASKET2,SEASHELLS,30075.0,2
2263800,Charlie,Pablo,PICNIC_BASKET2,SEASHELLS,30074.0,6
2263900,Camilla,Pablo,PICNIC_BASKET2,SEASHELLS,30075.0,5
2269200,Penelope,Charlie,PICNIC_BASKET2,SEASHELLS,30088.0,5
2269600,Caesar,Pablo,PICNIC_BASKET2,SEASHELLS,30082.0,4
2269600,Camilla,Pablo,PICNIC_BASKET2,SEASHELLS,30080.0,2
2270400,Caesar,Penelope,PICNIC_BASKET2,SEASHELLS,30072.0,1
2271600,Charlie,Penelope,PICNIC_BASKET2,SEASHELLS,30063.0,10
2271800,Caesar,Pablo,PICNIC_BASKET2,SEASHELLS,30060.0,2
2273300,Caesar,Pablo,PICNIC_BASKET2,SEASHELLS,30048.0,1
2273300,Charlie,Pablo,PICNIC_BASKET2,SEASHELLS,30047.0,7
2273700,Camilla,Pablo,PICNIC_BASKET2,SEASHELLS,30050.0,2
2275900,Camilla,Pablo,PICNIC_BASKET2,SEASHELLS,30074.0,4
2276600,Penelope,Charlie,PICNIC_BASKET2,SEASHELLS,30075.0,7
2277600,Penelope,Caesar,PICNIC_BASKET2,SEASHELLS,30090.0,2
2289000,Camilla,Penelope,PICNIC_BASKET2,SEASHELLS,30147.0,8
2291000,Camilla,Penelope,PICNIC_BASKET2,SEASHELLS,30150.0,7
2294100,Pablo,Camilla,PICNIC_BASKET2,SEASHELLS,30174.0,5
2294400,Charlie,Penelope,PICNIC_BASKET2,SEASHELLS,30166.0,10
2294800,Camilla,Penelope,PICNIC_BASKET2,SEASHELLS,30172.0,7
2295700,Penelope,Charlie,PICNIC_BASKET2,SEASHELLS,30180.0,10
2297100,Penelope,Caesar,PICNIC_BASKET2,SEASHELLS,30173.0,7
2302300,Camilla,Pablo,PICNIC_BASKET2,SEASHELLS,30160.0,2
2303200,Charlie,Pablo,PICNIC_BASKET2,SEASHELLS,30159.0,8
2308300,Penelope,Camilla,PICNIC_BASKET2,SEASHELLS,30172.0,6
2309100,Camilla,Pablo,PICNIC_BASKET2,SEASHELLS,30161.0,5
2310300,Camilla,Caesar,PICNIC_BASKET2,SEASHELLS,30167.0,3
2316600,Camilla,Pablo,PICNIC_BASKET2,SEASHELLS,30161.0,3
2316600,Camilla,Penelope,PICNIC_BASKET2,SEASHELLS,30161.0,8
2321200,Camilla,Penelope,PICNIC_BASKET2,SEASHELLS,30169.0,10
2321500,Caesar,Penelope,PICNIC_BASKET2,SEASHELLS,30162.0,1
2323400,Caesar,Penelope,PICNIC_BASKET2,SEASHELLS,30187.0,1
2324600,Camilla,Pablo,PICNIC_BASKET2,SEASHELLS,30180.0,7
2325100,Camilla,Pablo,PICNIC_BASKET2,SEASHELLS,30185.0,4
2328900,Penelope,Camilla,PICNIC_BASKET2,SEASHELLS,30192.0,9
2332400,Charlie,Penelope,PICNIC_BASKET2,SEASHELLS,30183.0,8
2336600,Caesar,Penelope,PICNIC_BASKET2,SEASHELLS,30197.0,1
2337700,Pablo,Penelope,PICNIC_BASKET2,SEASHELLS,30184.0,5
2337800,Camilla,Penelope,PICNIC_BASKET2,SEASHELLS,30181.0,9
2339800,Penelope,Caesar,PICNIC_BASKET2,SEASHELLS,30188.0,1
2350900,Camilla,Pablo,PICNIC_BASKET2,SEASHELLS,30191.0,5
2354300,Penelope,Charlie,PICNIC_BASKET2,SEASHELLS,30181.0,7
2356900,Penelope,Caesar,PICNIC_BASKET2,SEASHELLS,30177.0,1
2359500,Pablo,Camilla,PICNIC_BASKET2,SEASHELLS,30184.0,5
2360200,Penelope,Camilla,PICNIC_BASKET2,SEASHELLS,30181.0,9
2363600,Caesar,Pablo,PICNIC_BASKET2,SEASHELLS,30176.0,2
2363800,Camilla,Pablo,PICNIC_BASKET2,SEASHELLS,30176.0,8
2366800,Charlie,Penelope,PICNIC_BASKET2,SEASHELLS,30169.0,9
2369200,Camilla,Pablo,PICNIC_BASKET2,SEASHELLS,30192.0,4
2371200,Caesar,Pablo,PICNIC_BASKET2,SEASHELLS,30200.0,1
2371200,Charlie,Pablo,PICNIC_BASKET2,SEASHELLS,30199.0,5
2371400,Caesar,Pablo,PICNIC_BASKET2,SEASHELLS,30201.0,2
2371400,Camilla,Pablo,PICNIC_BASKET2,SEASHELLS,30201.0,2
2378200,Pablo,Camilla,PICNIC_BASKET2,SEASHELLS,30174.0,5
2378900,Charlie,Penelope,PICNIC_BASKET2,SEASHELLS,30165.0,6
2379400,Penelope,Caesar,PICNIC_BASKET2,SEASHELLS,30170.0,2
2382500,Camilla,Caesar,PICNIC_BASKET2,SEASHELLS,30163.0,1
2384200,Pablo,Caesar,PICNIC_BASKET2,SEASHELLS,30168.0,1
2384200,Pablo,Camilla,PICNIC_BASKET2,SEASHELLS,30168.0,5
2384600,Penelope,Camilla,PICNIC_BASKET2,SEASHELLS,30166.0,5
2388700,Pablo,Camilla,PICNIC_BASKET2,SEASHELLS,30135.0,4
2394000,Caesar,Penelope,PICNIC_BASKET2,SEASHELLS,30109.0,1
2395400,Camilla,Penelope,PICNIC_BASKET2,SEASHELLS,30115.0,7
2396100,Penelope,Caesar,PICNIC_BASKET2,SEASHELLS,30132.0,2
2397600,Penelope,Camilla,PICNIC_BASKET2,SEASHELLS,30133.0,7
2400000,Charlie,Pablo,PICNIC_BASKET2,SEASHELLS,30128.0,5
2401400,Caesar,Penelope,PICNIC_BASKET2,SEASHELLS,30132.0,2
2402000,Camilla,Caesar,PICNIC_BASKET2,SEASHELLS,30138.0,1
2410700,Camilla,Penelope,PICNIC_BASKET2,SEASHELLS,30157.0,6
2410800,Penelope,Camilla,PICNIC_BASKET2,SEASHELLS,30160.0,8
2412200,Camilla,Penelope,PICNIC_BASKET2,SEASHELLS,30161.0,6
2412600,Charlie,Pablo,PICNIC_BASKET2,SEASHELLS,30161.0,6
2414200,Caesar,Penelope,PICNIC_BASKET2,SEASHELLS,30146.0,1
2415700,Camilla,Pablo,PICNIC_BASKET2,SEASHELLS,30137.0,4
2417900,Caesar,Pablo,PICNIC_BASKET2,SEASHELLS,30120.0,1
2417900,Charlie,Pablo,PICNIC_BASKET2,SEASHELLS,30119.0,3
2418000,Camilla,Penelope,PICNIC_BASKET2,SEASHELLS,30122.0,10
2420000,Camilla,Caesar,PICNIC_BASKET2,SEASHELLS,30132.0,2
2420600,Caesar,Pablo,PICNIC_BASKET2,SEASHELLS,30127.0,1
2420600,Charlie,Pablo,PICNIC_BASKET2,SEASHELLS,30126.0,6
2421100,Charlie,Pablo,PICNIC_BASKET2,SEASHELLS,30132.0,5
2421600,Penelope,Caesar,PICNIC_BASKET2,SEASHELLS,30138.0,1
2422000,Camilla,Penelope,PICNIC_BASKET2,SEASHELLS,30126.0,8
2423200,Camilla,Pablo,PICNIC_BASKET2,SEASHELLS,30122.0,8
2431600,Charlie,Pablo,PICNIC_BASKET2,SEASHELLS,30093.0,8
2432300,Camilla,Pablo,PICNIC_BASKET2,SEASHELLS,30091.0,7
2435500,Penelope,Camilla,PICNIC_BASKET2,SEASHELLS,30108.0,9
2436500,Camilla,Pablo,PICNIC_BASKET2,SEASHELLS,30108.0,5
2440200,Penelope,Caesar,PICNIC_BASKET2,SEASHELLS,30075.0,2
2447800,Pablo,Caesar,PICNIC_BASKET2,SEASHELLS,30075.0,2
2447800,Pablo,Camilla,PICNIC_BASKET2,SEASHELLS,30075.0,2
2449800,Caesar,Penelope,PICNIC_BASKET2,SEASHELLS,30063.0,2
2450700,Camilla,Penelope,PICNIC_BASKET2,SEASHELLS,30056.0,6
2453100,Penelope,Charlie,PICNIC_BASKET2,SEASHELLS,30058.0,8
2455400,Pablo,Caesar,PICNIC_BASKET2,SEASHELLS,30080.0,1
2455400,Pablo,Camilla,PICNIC_BASKET2,SEASHELLS,30080.0,1
2456500,Penelope,Camilla,PICNIC_BASKET2,SEASHELLS,30086.0,6
2457600,Pablo,Caesar,PICNIC_BASKET2,SEASHELLS,30099.0,1
2457600,Pablo,Camilla,PICNIC_BASKET2,SEASHELLS,30099.0,4
2458400,Camilla,Penelope,PICNIC_BASKET2,SEASHELLS,30091.0,10
2459700,Camilla,Caesar,PICNIC_BASKET2,SEASHELLS,30086.0,2
2460000,Caesar,Pablo,PICNIC_BASKET2,SEASHELLS,30090.0,2
2460000,Charlie,Pablo,PICNIC_BASKET2,SEASHELLS,30089.0,3
2460500,Caesar,Penelope,PICNIC_BASKET2,SEASHELLS,30095.0,2
2463500,Caesar,Penelope,PICNIC_BASKET2,SEASHELLS,30092.0,2
2464100,Caesar,Pablo,PICNIC_BASKET2,SEASHELLS,30090.0,2
2464100,Camilla,Pablo,PICNIC_BASKET2,SEASHELLS,30090.0,3
2465400,Camilla,Caesar,PICNIC_BASKET2,SEASHELLS,30098.0,1
2465600,Penelope,Caesar,PICNIC_BASKET2,SEASHELLS,30100.0,1
2466600,Penelope,Caesar,PICNIC_BASKET2,SEASHELLS,30116.0,2
2469000,Pablo,Penelope,PICNIC_BASKET2,SEASHELLS,30102.0,7
2470900,Caesar,Pablo,PICNIC_BASKET2,SEASHELLS,30095.0,2
2470900,Charlie,Pablo,PICNIC_BASKET2,SEASHELLS,30094.0,2
2478000,Camilla,Penelope,PICNIC_BASKET2,SEASHELLS,30139.0,5
2479500,Camilla,Pablo,PICNIC_BASKET2,SEASHELLS,30141.0,7
2481500,Penelope,Charlie,PICNIC_BASKET2,SEASHELLS,30147.0,6
2482200,Penelope,Camilla,PICNIC_BASKET2,SEASHELLS,30147.0,5
2484200,Caesar,Pablo,PICNIC_BASKET2,SEASHELLS,30129.0,2
2484200,Charlie,Pablo,PICNIC_BASKET2,SEASHELLS,30128.0,5
2487700,Caesar,Penelope,PICNIC_BASKET2,SEASHELLS,30137.0,1
2487800,Penelope,Camilla,PICNIC_BASKET2,SEASHELLS,30141.0,10
2488500,Camilla,Penelope,PICNIC_BASKET2,SEASHELLS,30140.0,6
2488700,Pablo,Camilla,PICNIC_BASKET2,SEASHELLS,30147.0,7
2488800,Caesar,Pablo,PICNIC_BASKET2,SEASHELLS,30144.0,1
2488800,Charlie,Pablo,PICNIC_BASKET2,SEASHELLS,30143.0,7
2490900,Penelope,Caesar,PICNIC_BASKET2,SEASHELLS,30147.0,1
2494600,Camilla,Pablo,PICNIC_BASKET2,SEASHELLS,30149.0,4
2496700,Penelope,Camilla,PICNIC_BASKET2,SEASHELLS,30151.0,7
2497200,Camilla,Pablo,PICNIC_BASKET2,SEASHELLS,30148.0,7
2497800,Pablo,Caesar,PICNIC_BASKET2,SEASHELLS,30157.0,1
2497800,Pablo,Caesar,PICNIC_BASKET2,SEASHELLS,30160.0,1
2497800,Pablo,Camilla,PICNIC_BASKET2,SEASHELLS,30160.0,4
2500300,Pablo,Caesar,PICNIC_BASKET2,SEASHELLS,30163.0,2
2500300,Pablo,Camilla,PICNIC_BASKET2,SEASHELLS,30163.0,5
2500700,Penelope,Camilla,PICNIC_BASKET2,SEASHELLS,30165.0,6
2501100,Caesar,Penelope,PICNIC_BASKET2,SEASHELLS,30163.0,5
2504900,Caesar,Pablo,PICNIC_BASKET2,SEASHELLS,30154.0,1
2504900,Charlie,Pablo,PICNIC_BASKET2,SEASHELLS,30153.0,5
2507700,Camilla,Pablo,PICNIC_BASKET2,SEASHELLS,30161.0,2
2507900,Camilla,Penelope,PICNIC_BASKET2,SEASHELLS,30160.0,8
2509600,Camilla,Pablo,PICNIC_BASKET2,SEASHELLS,30175.0,7
2516700,Pablo,Camilla,PICNIC_BASKET2,SEASHELLS,30154.0,2
2517700,Caesar,Pablo,PICNIC_BASKET2,SEASHELLS,30143.0,2
2517700,Charlie,Pablo,PICNIC_BASKET2,SEASHELLS,30142.0,2
2519200,Caesar,Pablo,PICNIC_BASKET2,SEASHELLS,30126.0,2
2519200,Charlie,Pablo,PICNIC_BASKET2,SEASHELLS,30125.0,3
2519300,Penelope,Camilla,PICNIC_BASKET2,SEASHELLS,30130.0,8
2523400,Caesar,Pablo,PICNIC_BASKET2,SEASHELLS,30117.0,1
2524600,Caesar,Penelope,PICNIC_BASKET2,SEASHELLS,30122.0,2
2525500,Caesar,Pablo,PICNIC_BASKET2,SEASHELLS,30123.0,1
2525500,Camilla,Pablo,PICNIC_BASKET2,SEASHELLS,30123.0,5
2528200,Caesar,Penelope,PICNIC_BASKET2,SEASHELLS,30135.0,3
2529400,Pablo,Camilla,PICNIC_BASKET2,SEASHELLS,30141.0,3
2531600,Penelope,Caesar,PICNIC_BASKET2,SEASHELLS,30131.0,1
2532300,Penelope,Caesar,PICNIC_BASKET2,SEASHELLS,30139.0,1
2533300,Penelope,Camilla,PICNIC_BASKET2,SEASHELLS,30150.0,10
2533500,Camilla,Penelope,PICNIC_BASKET2,SEASHELLS,30141.0,7
2533900,Caesar,Penelope,PICNIC_BASKET2,SEASHELLS,30138.0,1
2537600,Charlie,Penelope,PICNIC_BASKET2,SEASHELLS,30122.0,6
2539600,Penelope,Charlie,PICNIC_BASKET2,SEASHELLS,30124.0,7
2543100,Pablo,Caesar,PICNIC_BASKET2,SEASHELLS,30124.0,2
2544200,Charlie,Pablo,PICNIC_BASKET2,SEASHELLS,30135.0,4
2544700,Charlie,Penelope,PICNIC_BASKET2,SEASHELLS,30125.0,6
2547500,Camilla,Pablo,PICNIC_BASKET2,SEASHELLS,30123.0,8
2547800,Pablo,Camilla,PICNIC_BASKET2,SEASHELLS,30131.0,6
2550100,Charlie,Penelope,PICNIC_BASKET2,SEASHELLS,30122.0,8
2553000,Penelope,Camilla,PICNIC_BASKET2,SEASHELLS,30124.0,10
2553200,Caesar,Pablo,PICNIC_BASKET2,SEASHELLS,30120.0,1
2561300,Penelope,Charlie,PICNIC_BASKET2,SEASHELLS,30106.0,10
2562700,Caesar,Penelope,PICNIC_BASKET2,SEASHELLS,30097.0,1
2564100,Caesar,Pablo,PICNIC_BASKET2,SEASHELLS,30093.0,5
2564100,Camilla,Pablo,PICNIC_BASKET2,SEASHELLS,30091.0,2
2567800,Camilla,Penelope,PICNIC_BASKET2,SEASHELLS,30078.0,6
2573800,Penelope,Caesar,PICNIC_BASKET2,SEASHELLS,30065.0,2
2574200,Penelope,Camilla,PICNIC_BASKET2,SEASHELLS,30067.0,7
2574700,Pablo,Camilla,PICNIC_BASKET2,SEASHELLS,30069.0,2
2574700,Camilla,Penelope,PICNIC_BASKET2,SEASHELLS,30064.0,8
2575000,Caesar,Penelope,PICNIC_BASKET2,SEASHELLS,30058.0,1
2576500,Charlie,Pablo,PICNIC_BASKET2,SEASHELLS,30051.0,2
2579300,Penelope,Charlie,PICNIC_BASKET2,SEASHELLS,30063.0,7
2582800,Penelope,Camilla,PICNIC_BASKET2,SEASHELLS,30062.0,10
2585600,Penelope,Camilla,PICNIC_BASKET2,SEASHELLS,30060.0,9
2594100,Charlie,Penelope,PICNIC_BASKET2,SEASHELLS,30044.0,9
2597100,Pablo,Caesar,PICNIC_BASKET2,SEASHELLS,30051.0,2
2598400,Penelope,Caesar,PICNIC_BASKET2,SEASHELLS,30044.0,2
2599600,Pablo,Camilla,PICNIC_BASKET2,SEASHELLS,30041.0,3
2600300,Charlie,Penelope,PICNIC_BASKET2,SEASHELLS,30033.0,6
2600700,Penelope,Camilla,PICNIC_BASKET2,SEASHELLS,30035.0,9
2602300,Caesar,Pablo,PICNIC_BASKET2,SEASHELLS,30034.0,1
2603500,Camilla,Penelope,PICNIC_BASKET2,SEASHELLS,30022.0,7
2605800,Caesar,Pablo,PICNIC_BASKET2,SEASHELLS,30013.0,1
2605800,Charlie,Pablo,PICNIC_BASKET2,SEASHELLS,30012.0,5
2609300,Penelope,Charlie,PICNIC_BASKET2,SEASHELLS,30027.0,6
2614300,Caesar,Penelope,PICNIC_BASKET2,SEASHELLS,30027.0,2
2617800,Charlie,Pablo,PICNIC_BASKET2,SEASHELLS,30037.0,6
2619800,Camilla,Penelope,PICNIC_BASKET2,SEASHELLS,30026.0,7
2620200,Penelope,Charlie,PICNIC_BASKET2,SEASHELLS,30034.0,7
2622100,Camilla,Pablo,PICNIC_BASKET2,SEASHELLS,30028.0,3
2622800,Penelope,Charlie,PICNIC_BASKET2,SEASHELLS,30033.0,6
2623600,Camilla,Pablo,PICNIC_BASKET2,SEASHELLS,30037.0,3
2628200,Camilla,Pablo,PICNIC_BASKET2,SEASHELLS,30043.0,6
2631800,Camilla,Pablo,PICNIC_BASKET2,SEASHELLS,30008.0,7
2632100,Camilla,Penelope,PICNIC_BASKET2,SEASHELLS,30012.0,8
2633600,Penelope,Camilla,PICNIC_BASKET2,SEASHELLS,30014.0,8
2636200,Charlie,Penelope,PICNIC_BASKET2,SEASHELLS,30004.0,10
2636700,Pablo,Caesar,PICNIC_BASKET2,SEASHELLS,30000.0,1
2642800,Camilla,Penelope,PICNIC_BASKET2,SEASHELLS,30034.0,7
2644800,Camilla,Penelope,PICNIC_BASKET2,SEASHELLS,30037.0,8
2648400,Penelope,Caesar,PICNIC_BASKET2,SEASHELLS,30072.0,1
2651200,Camilla,Pablo,PICNIC_BASKET2,SEASHELLS,30069.0,6
2651900,Penelope,Camilla,PICNIC_BASKET2,SEASHELLS,30078.0,6
2652400,Pablo,Camilla,PICNIC_BASKET2,SEASHELLS,30071.0,4
2654900,Penelope,Camilla,PICNIC_BASKET2,SEASHELLS,30090.0,6
2655200,Camilla,Pablo,PICNIC_BASKET2,SEASHELLS,30080.0,7
2657600,Camilla,Pablo,PICNIC_BASKET2,SEASHELLS,30077.0,6
2659200,Penelope,Camilla,PICNIC_BASKET2,SEASHELLS,30074.0,8
2663600,Caesar,Pablo,PICNIC_BASKET2,SEASHELLS,30083.0,2
2668200,Camilla,Pablo,PICNIC_BASKET2,SEASHELLS,30093.0,5
2668800,Caesar,Penelope,PICNIC_BASKET2,SEASHELLS,30103.0,2
2669200,Penelope,Charlie,PICNIC_BASKET2,SEASHELLS,30113.0,5
2669800,Charlie,Penelope,PICNIC_BASKET2,SEASHELLS,30105.0,6
2674600,Penelope,Charlie,PICNIC_BASKET2,SEASHELLS,30126.0,9
2677900,Penelope,Camilla,PICNIC_BASKET2,SEASHELLS,30116.0,6
2679100,Camilla,Caesar,PICNIC_BASKET2,SEASHELLS,30107.0,1
2680200,Charlie,Penelope,PICNIC_BASKET2,SEASHELLS,30101.0,5
2683400,Camilla,Caesar,PICNIC_BASKET2,SEASHELLS,30112.0,1
2685200,Camilla,Caesar,PICNIC_BASKET2,SEASHELLS,30133.0,1
2685900,Charlie,Pablo,PICNIC_BASKET2,SEASHELLS,30124.0,2
2686300,Camilla,Penelope,PICNIC_BASKET2,SEASHELLS,30122.0,10
2689500,Charlie,Pablo,PICNIC_BASKET2,SEASHELLS,30131.0,3
2695800,Charlie,Pablo,PICNIC_BASKET2,SEASHELLS,30151.0,8
2696400,Charlie,Pablo,PICNIC_BASKET2,SEASHELLS,30153.0,8
2696900,Penelope,Camilla,PICNIC_BASKET2,SEASHELLS,30162.0,9
2699600,Penelope,Camilla,PICNIC_BASKET2,SEASHELLS,30133.0,7
2707200,Camilla,Pablo,PICNIC_BASKET2,SEASHELLS,30125.0,3
2707400,Camilla,Penelope,PICNIC_BASKET2,SEASHELLS,30123.0,8
2708500,Camilla,Caesar,PICNIC_BASKET2,SEASHELLS,30125.0,3
2708900,Camilla,Caesar,PICNIC_BASKET2,SEASHELLS,30132.0,2
2716700,Pablo,Caesar,PICNIC_BASKET2,SEASHELLS,30144.0,1
2716700,Pablo,Camilla,PICNIC_BASKET2,SEASHELLS,30144.0,2
2719200,Charlie,Pablo,PICNIC_BASKET2,SEASHELLS,30141.0,2
2721400,Charlie,Pablo,PICNIC_BASKET2,SEASHELLS,30144.0,8
2723100,Caesar,Penelope,PICNIC_BASKET2,SEASHELLS,30130.0,2
2728800,Penelope,Camilla,PICNIC_BASKET2,SEASHELLS,30132.0,6
2729900,Penelope,Caesar,PICNIC_BASKET2,SEASHELLS,30132.0,1
2730200,Charlie,Pablo,PICNIC_BASKET2,SEASHELLS,30130.0,3
2732700,Camilla,Pablo,PICNIC_BASKET2,SEASHELLS,30131.0,4
2733800,Pablo,Camilla,PICNIC_BASKET2,SEASHELLS,30144.0,3
2734200,Penelope,Camilla,PICNIC_BASKET2,SEASHELLS,30145.0,7
2735300,Camilla,Penelope,PICNIC_BASKET2,SEASHELLS,30138.0,7
2736500,Caesar,Pablo,PICNIC_BASKET2,SEASHELLS,30136.0,1
2736500,Charlie,Pablo,PICNIC_BASKET2,SEASHELLS,30135.0,4
2738700,Camilla,Caesar,PICNIC_BASKET2,SEASHELLS,30141.0,2
2741600,Charlie,Penelope,PICNIC_BASKET2,SEASHELLS,30135.0,10
2742400,Charlie,Penelope,PICNIC_BASKET2,SEASHELLS,30134.0,10
2747600,Camilla,Pablo,PICNIC_BASKET2,SEASHELLS,30156.0,5
2749300,Camilla,Caesar,PICNIC_BASKET2,SEASHELLS,30152.0,1
2751900,Camilla,Caesar,PICNIC_BASKET2,SEASHELLS,30147.0,1
2753500,Camilla,Caesar,PICNIC_BASKET2,SEASHELLS,30143.0,2
2754300,Camilla,Pablo,PICNIC_BASKET2,SEASHELLS,30128.0,3
2757000,Caesar,Pablo,PICNIC_BASKET2,SEASHELLS,30106.0,2
2757600,Pablo,Caesar,PICNIC_BASKET2,SEASHELLS,30109.0,1
2757600,Pablo,Camilla,PICNIC_BASKET2,SEASHELLS,30109.0,1
2760500,Penelope,Charlie,PICNIC_BASKET2,SEASHELLS,30131.0,7
2760600,Camilla,Caesar,PICNIC_BASKET2,SEASHELLS,30130.0,1
2763100,Penelope,Camilla,PICNIC_BASKET2,SEASHELLS,30128.0,5
2763700,Pablo,Caesar,PICNIC_BASKET2,SEASHELLS,30128.0,1
2767100,Penelope,Camilla,PICNIC_BASKET2,SEASHELLS,30118.0,5
2768000,Camilla,Caesar,PICNIC_BASKET2,SEASHELLS,30113.0,2
2768400,Camilla,Penelope,PICNIC_BASKET2,SEASHELLS,30111.0,8
2769900,Penelope,Caesar,PICNIC_BASKET2,SEASHELLS,30123.0,1
2770100,Caesar,Pablo,PICNIC_BASKET2,SEASHELLS,30122.0,2
2770100,Charlie,Pablo,PICNIC_BASKET2,SEASHELLS,30121.0,2
2771600,Caesar,Penelope,PICNIC_BASKET2,SEASHELLS,30106.0,1
2772500,Caesar,Pablo,PICNIC_BASKET2,SEASHELLS,30104.0,1
2772900,Camilla,Pablo,PICNIC_BASKET2,SEASHELLS,30104.0,4
2775000,Caesar,Pablo,PICNIC_BASKET2,SEASHELLS,30081.0,1
2775200,Camilla,Pablo,PICNIC_BASKET2,SEASHELLS,30086.0,5
2778000,Pablo,Camilla,PICNIC_BASKET2,SEASHELLS,30081.0,3
2778000,Charlie,Penelope,PICNIC_BASKET2,SEASHELLS,30076.0,7
2778200,Caesar,Pablo,PICNIC_BASKET2,SEASHELLS,30081.0,1
2778200,Charlie,Pablo,PICNIC_BASKET2,SEASHELLS,30080.0,2
2778200,Charlie,Penelope,PICNIC_BASKET2,SEASHELLS,30080.0,8
2779300,Penelope,Camilla,PICNIC_BASKET2,SEASHELLS,30091.0,7
2782000,Camilla,Caesar,PICNIC_BASKET2,SEASHELLS,30114.0,1
2783300,Camilla,Caesar,PICNIC_BASKET2,SEASHELLS,30110.0,1
2783500,Pablo,Caesar,PICNIC_BASKET2,SEASHELLS,30113.0,2
2783500,Pablo,Camilla,PICNIC_BASKET2,SEASHELLS,30113.0,2
2783800,Penelope,Caesar,PICNIC_BASKET2,SEASHELLS,30113.0,2
2787000,Camilla,Pablo,PICNIC_BASKET2,SEASHELLS,30106.0,8
2790000,Penelope,Charlie,PICNIC_BASKET2,SEASHELLS,30123.0,10
2791600,Caesar,Pablo,PICNIC_BASKET2,SEASHELLS,30110.0,1
2791600,Camilla,Pablo,PICNIC_BASKET2,SEASHELLS,30110.0,1
2791700,Penelope,Caesar,PICNIC_BASKET2,SEASHELLS,30113.0,3
2791800,Caesar,Penelope,PICNIC_BASKET2,SEASHELLS,30111.0,2
2798300,Penelope,Caesar,PICNIC_BASKET2,SEASHELLS,30106.0,1
2800600,Charlie,Penelope,PICNIC_BASKET2,SEASHELLS,30106.0,6
2805800,Caesar,Pablo,PICNIC_BASKET2,SEASHELLS,30152.0,1
2807000,Charlie,Pablo,PICNIC_BASKET2,SEASHELLS,30156.0,8
2807700,Camilla,Pablo,PICNIC_BASKET2,SEASHELLS,30158.0,5
2811700,Caesar,Penelope,PICNIC_BASKET2,SEASHELLS,30162.0,1
2814800,Penelope,Charlie,PICNIC_BASKET2,SEASHELLS,30138.0,6
2816800,Pablo,Camilla,PICNIC_BASKET2,SEASHELLS,30131.0,5
2820000,Penelope,Charlie,PICNIC_BASKET2,SEASHELLS,30048.0,6
2820500,Charlie,Pablo,PICNIC_BASKET2,SEASHELLS,30043.0,8
2820700,Caesar,Penelope,PICNIC_BASKET2,SEASHELLS,30046.0,1
2823900,Caesar,Pablo,PICNIC_BASKET2,SEASHELLS,30082.0,1
2823900,Camilla,Pablo,PICNIC_BASKET2,SEASHELLS,30080.0,1
2826000,Camilla,Caesar,PICNIC_BASKET2,SEASHELLS,30094.0,1
2828700,Penelope,Charlie,PICNIC_BASKET2,SEASHELLS,30092.0,9
2832000,Caesar,Penelope,PICNIC_BASKET2,SEASHELLS,30089.0,2
2832800,Charlie,Pablo,PICNIC_BASKET2,SEASHELLS,30090.0,6
2834800,Camilla,Pablo,PICNIC_BASKET2,SEASHELLS,30091.0,6
2839400,Pablo,Caesar,PICNIC_BASKET2,SEASHELLS,30107.0,1
2839900,Camilla,Penelope,PICNIC_BASKET2,SEASHELLS,30104.0,5
2843200,Penelope,Caesar,PICNIC_BASKET2,SEASHELLS,30101.0,2
2844300,Camilla,Caesar,PICNIC_BASKET2,SEASHELLS,30083.0,1
2845300,Penelope,Caesar,PICNIC_BASKET2,SEASHELLS,30088.0,1
2846100,Penelope,Caesar,PICNIC_BASKET2,SEASHELLS,30092.0,2
2846300,Camilla,Pablo,PICNIC_BASKET2,SEASHELLS,30089.0,7
2846600,Charlie,Pablo,PICNIC_BASKET2,SEASHELLS,30087.0,3
2850500,Camilla,Caesar,PICNIC_BASKET2,SEASHELLS,30156.0,1
2852100,Penelope,Charlie,PICNIC_BASKET2,SEASHELLS,30164.0,8
2854900,Penelope,Charlie,PICNIC_BASKET2,SEASHELLS,30181.0,5
2859400,Camilla,Penelope,PICNIC_BASKET2,SEASHELLS,30166.0,10
2865100,Caesar,Pablo,PICNIC_BASKET2,SEASHELLS,30174.0,2
2865100,Charlie,Pablo,PICNIC_BASKET2,SEASHELLS,30173.0,6
2866000,Camilla,Pablo,PICNIC_BASKET2,SEASHELLS,30177.0,5
2870000,Pablo,Caesar,PICNIC_BASKET2,SEASHELLS,30220.0,2
2870000,Pablo,Camilla,PICNIC_BASKET2,SEASHELLS,30220.0,4
2870300,Charlie,Pablo,PICNIC_BASKET2,SEASHELLS,30218.0,3
2870700,Pablo,Camilla,PICNIC_BASKET2,SEASHELLS,30208.0,3
2872100,Camilla,Caesar,PICNIC_BASKET2,SEASHELLS,30212.0,2
2881400,Caesar,Pablo,PICNIC_BASKET2,SEASHELLS,30187.0,1
2881400,Charlie,Pablo,PICNIC_BASKET2,SEASHELLS,30186.0,6
2881500,Pablo,Camilla,PICNIC_BASKET2,SEASHELLS,30192.0,6
2886200,Pablo,Caesar,PICNIC_BASKET2,SEASHELLS,30197.0,3
2892100,Penelope,Camilla,PICNIC_BASKET2,SEASHELLS,30262.0,7
2892300,Camilla,Caesar,PICNIC_BASKET2,SEASHELLS,30263.0,2
2894500,Camilla,Penelope,PICNIC_BASKET2,SEASHELLS,30262.0,5
2900800,Camilla,Pablo,PICNIC_BASKET2,SEASHELLS,30239.0,4
2900800,Penelope,Caesar,PICNIC_BASKET2,SEASHELLS,30244.0,1
2901000,Camilla,Caesar,PICNIC_BASKET2,SEASHELLS,30239.0,1
2905000,Camilla,Caesar,PICNIC_BASKET2,SEASHELLS,30249.0,1
2905600,Charlie,Penelope,PICNIC_BASKET2,SEASHELLS,30253.0,6
2909500,Camilla,Caesar,PICNIC_BASKET2,SEASHELLS,30252.0,1
2910100,Camilla,Penelope,PICNIC_BASKET2,SEASHELLS,30251.0,8
2912400,Caesar,Pablo,PICNIC_BASKET2,SEASHELLS,30256.0,2
2912400,Camilla,Pablo,PICNIC_BASKET2,SEASHELLS,30256.0,3
2916200,Camilla,Caesar,PICNIC_BASKET2,SEASHELLS,30243.0,1
2918900,Pablo,Caesar,PICNIC_BASKET2,SEASHELLS,30252.0,2
2918900,Pablo,Camilla,PICNIC_BASKET2,SEASHELLS,30252.0,3
2919600,Camilla,Penelope,PICNIC_BASKET2,SEASHELLS,30253.0,6
2924200,Penelope,Caesar,PICNIC_BASKET2,SEASHELLS,30284.0,2
2926600,Camilla,Penelope,PICNIC_BASKET2,SEASHELLS,30254.0,6
2927000,Camilla,Caesar,PICNIC_BASKET2,SEASHELLS,30258.0,3
2928700,Camilla,Caesar,PICNIC_BASKET2,SEASHELLS,30263.0,1
2933200,Camilla,Pablo,PICNIC_BASKET2,SEASHELLS,30316.0,2
2933200,Penelope,Camilla,PICNIC_BASKET2,SEASHELLS,30322.0,9
2935100,Caesar,Penelope,PICNIC_BASKET2,SEASHELLS,30343.0,1
2936600,Penelope,Caesar,PICNIC_BASKET2,SEASHELLS,30349.0,1
2939200,Penelope,Camilla,PICNIC_BASKET2,SEASHELLS,30352.0,7
2941600,Caesar,Pablo,PICNIC_BASKET2,SEASHELLS,30333.0,1
2941600,Charlie,Pablo,PICNIC_BASKET2,SEASHELLS,30332.0,4
2945900,Penelope,Caesar,PICNIC_BASKET2,SEASHELLS,30356.0,1
2947600,Caesar,Pablo,PICNIC_BASKET2,SEASHELLS,30360.0,7
2947900,Penelope,Camilla,PICNIC_BASKET2,SEASHELLS,30364.0,5
2952100,Camilla,Pablo,PICNIC_BASKET2,SEASHELLS,30373.0,5
2953700,Penelope,Camilla,PICNIC_BASKET2,SEASHELLS,30387.0,6
2958800,Charlie,Penelope,PICNIC_BASKET2,SEASHELLS,30337.0,10
2961800,Penelope,Caesar,PICNIC_BASKET2,SEASHELLS,30360.0,1
2963800,Camilla,Penelope,PICNIC_BASKET2,SEASHELLS,30377.0,7
2965200,Camilla,Penelope,PICNIC_BASKET2,SEASHELLS,30386.0,5
2965400,Camilla,Pablo,PICNIC_BASKET2,SEASHELLS,30388.0,8
2968200,Caesar,Pablo,PICNIC_BASKET2,SEASHELLS,30379.0,1
2968200,Charlie,Pablo,PICNIC_BASKET2,SEASHELLS,30378.0,7
2971000,Camilla,Penelope,PICNIC_BASKET2,SEASHELLS,30390.0,9
2976100,Camilla,Pablo,PICNIC_BASKET2,SEASHELLS,30386.0,3
2976200,Caesar,Penelope,PICNIC_BASKET2,SEASHELLS,30391.0,1
2976300,Penelope,Camilla,PICNIC_BASKET2,SEASHELLS,30391.0,9
2976700,Charlie,Pablo,PICNIC_BASKET2,SEASHELLS,30381.0,5
2980100,Camilla,Caesar,PICNIC_BASKET2,SEASHELLS,30402.0,1
2985200,Pablo,Camilla,PICNIC_BASKET2,SEASHELLS,30411.0,4
2991100,Camilla,Penelope,PICNIC_BASKET2,SEASHELLS,30411.0,9
2991300,Caesar,Pablo,PICNIC_BASKET2,SEASHELLS,30415.0,1
2991300,Camilla,Pablo,PICNIC_BASKET2,SEASHELLS,30415.0,1
2995000,Penelope,Charlie,PICNIC_BASKET2,SEASHELLS,30405.0,10
2995200,Caesar,Pablo,PICNIC_BASKET2,SEASHELLS,30397.0,1
2996800,Camilla,Caesar,PICNIC_BASKET2,SEASHELLS,30414.0,1
2999000,Penelope,Camilla,PICNIC_BASKET2,SEASHELLS,30395.0,10
